"","c100_4","c100_4_pooled","c100_4_pooled_supp","c150_4","c150_4_pooled_supp","c150_4_aian","c150_4_aianold","c150_4_asian","c150_4_api","c150_4_black","c150_4_blacknh","c150_4_hisp","c150_4_hispold","c150_4_nhpi","c150_4_nra","c150_4_2mor","c150_4_unkn","c150_4_white","c150_4_whitenh","c150_4_pooled","c200_4_pooled_supp","c100_l4","c100_l4_pooled","c100_l4_pooled_supp","c150_l4","c150_l4_pooled_supp","c150_l4_aian","c150_l4_aianold","c150_l4_asian","c150_l4_api","c150_l4_blacknh","c150_l4_black","c150_l4_hisp","c150_l4_hispold","c150_l4_nhpi","c150_l4_nra","c150_l4_2mor","c150_l4_unkn","c150_l4_whitenh","c150_l4_white","c150_l4_pooled","c200_l4","c200_l4_pooled","c200_l4_pooled_supp","c150_4_loannopell","c150_l4_loannopell","c150_4_pell","c150_l4_pell","c150_4_noloannopell","c150_l4_noloannopell","year"
"1",NA,NA,NA,NA,NA,NA,NA,NA,NA,NA,NA,NA,NA,NA,NA,NA,NA,NA,NA,NA,NA,1,0.9194,0.9194,1,0.9194,NA,NA,NA,NA,NA,NA,NA,NA,NA,NA,NA,NA,NA,NA,0.9194,0.8547,0.8431,0.8431,NA,NA,NA,1,NA,NA,"latest"
"2",0.1772,0.1373,0.1373,0.3418,0.3125,NA,NA,1,NA,0,NA,0.25,NA,NA,NA,NA,0,0.375,NA,0.3125,0.3736,NA,NA,NA,NA,NA,NA,NA,NA,NA,NA,NA,NA,NA,NA,NA,NA,NA,NA,NA,NA,NA,NA,NA,0.3333,NA,0.4103,NA,0.1538,NA,"latest"
"3",0.4358,0.4193,0.4193,0.7254,0.7125,0.7143,NA,0.7762,NA,0.6954,NA,0.7192,NA,0.6364,0.6842,0.6967,0.75,0.7293,NA,0.7125,0.7279,NA,NA,NA,NA,NA,NA,NA,NA,NA,NA,NA,NA,NA,NA,NA,NA,NA,NA,NA,NA,NA,NA,NA,0.6751,NA,0.7017,NA,0.75,NA,"latest"
"4",NA,NA,NA,0.3745,0.3662,0,NA,0.5172,NA,0.2326,NA,0.3879,NA,0,0.3636,0.1818,0.3846,0.4074,NA,0.3662,NA,NA,NA,NA,NA,NA,NA,NA,NA,NA,NA,NA,NA,NA,NA,NA,NA,NA,NA,NA,NA,NA,NA,NA,0.3073,NA,0.3349,NA,0.5,NA,"latest"
"5",NA,NA,NA,0.4737,0.4427,0.8,NA,0.6154,NA,0.3195,NA,0.3817,NA,0.5714,0.5714,0.5,0.35,0.5021,NA,0.4427,NA,NA,NA,NA,NA,NA,NA,NA,NA,NA,NA,NA,NA,NA,NA,NA,NA,NA,NA,NA,NA,NA,NA,NA,0.4138,NA,0.3863,NA,0.568,NA,"latest"
"6",0.1829,0.1553,0.1553,0.5087,0.4901,0.5,NA,0.5714,NA,0.5126,NA,0.4074,NA,NA,0.4444,0.625,NA,0.4444,NA,0.4901,0.4478,NA,NA,NA,NA,NA,NA,NA,NA,NA,NA,NA,NA,NA,NA,NA,NA,NA,NA,NA,NA,NA,NA,NA,0.5479,NA,0.4879,NA,0.558,NA,"latest"
"7",0.256,0.2474,0.2474,0.5226,0.5172,0.2857,NA,0.7031,NA,0.5439,NA,0.5337,NA,1,0.5,0.4576,0.55,0.5037,NA,0.5172,0.529,NA,NA,NA,NA,NA,NA,NA,NA,NA,NA,NA,NA,NA,NA,NA,NA,NA,NA,NA,NA,NA,NA,NA,0.4738,NA,0.5235,NA,0.5341,NA,"latest"
"8",0.2041,0.1751,0.1751,0.5765,0.5228,0.2857,NA,1,NA,0.1667,NA,0.1818,NA,NA,1,0.3,0,0.6456,NA,0.5228,0.2256,NA,NA,NA,NA,NA,NA,NA,NA,NA,NA,NA,NA,NA,NA,NA,NA,NA,NA,NA,NA,NA,NA,NA,0.9545,NA,0.3485,NA,0.5581,NA,"latest"
"9",NA,NA,NA,0.3182,0.34,NA,NA,NA,NA,0.75,NA,0.2353,NA,NA,NA,NA,NA,0,NA,0.34,NA,NA,NA,NA,NA,NA,NA,NA,NA,NA,NA,NA,NA,NA,NA,NA,NA,NA,NA,NA,NA,NA,NA,NA,0.3333,NA,0.3158,NA,NA,NA,"latest"
"10",0.1765,0.2176,0.2176,0.2208,0.2872,1,NA,0,NA,0.3,NA,0.2609,NA,0,0,NA,0.0625,0.2308,NA,0.2872,0.2751,NA,NA,NA,NA,NA,NA,NA,NA,NA,NA,NA,NA,NA,NA,NA,NA,NA,NA,NA,NA,NA,NA,NA,0.1429,NA,0.1967,NA,0.4444,NA,"latest"
"11",NA,NA,NA,NA,NA,NA,NA,NA,NA,NA,NA,NA,NA,NA,NA,NA,NA,NA,NA,NA,NA,0.85,0.8581,0.8581,0.85,0.8581,NA,NA,NA,NA,NA,NA,NA,NA,NA,NA,NA,NA,NA,NA,0.8581,0.8676,0.7869,0.7869,NA,NA,NA,0.85,NA,NA,"latest"
"12",NA,NA,NA,NA,NA,NA,NA,NA,NA,NA,NA,NA,NA,NA,NA,NA,NA,NA,NA,NA,NA,0,0,NA,1,NA,NA,NA,NA,NA,NA,NA,NA,NA,NA,NA,NA,NA,NA,NA,0.9048,0.875,0.9636,0.9636,NA,NA,NA,1,NA,1,"latest"
"13",NA,NA,NA,NA,NA,NA,NA,NA,NA,NA,NA,NA,NA,NA,NA,NA,NA,NA,NA,NA,NA,0.75,0.7826,0.7826,0.9375,0.8478,NA,NA,NA,NA,NA,NA,NA,NA,NA,NA,NA,NA,NA,NA,0.8478,0.8,0.6761,0.6761,NA,1,NA,1,NA,0,"latest"
"14",NA,NA,NA,NA,NA,NA,NA,NA,NA,NA,NA,NA,NA,NA,NA,NA,NA,NA,NA,NA,NA,0.8454,0.7775,0.7775,0.8744,0.8689,NA,NA,NA,NA,NA,NA,NA,NA,NA,NA,NA,NA,NA,NA,0.8689,0.9123,0.8884,0.8884,NA,0.8293,NA,0.8421,NA,0.9808,"latest"
"15",NA,NA,NA,NA,NA,NA,NA,NA,NA,NA,NA,NA,NA,NA,NA,NA,NA,NA,NA,NA,NA,0,0.1667,NA,0,NA,NA,NA,NA,NA,NA,NA,NA,NA,NA,NA,NA,NA,NA,NA,0.1667,0,0.3333,NA,NA,NA,NA,0,NA,NA,"latest"
"16",NA,NA,NA,NA,NA,NA,NA,NA,NA,NA,NA,NA,NA,NA,NA,NA,NA,NA,NA,NA,NA,NA,NA,NA,NA,NA,NA,NA,NA,NA,NA,NA,NA,NA,NA,NA,NA,NA,NA,NA,NA,NA,NA,NA,NA,NA,NA,NA,NA,NA,"latest"
"17",NA,NA,NA,NA,NA,NA,NA,NA,NA,NA,NA,NA,NA,NA,NA,NA,NA,NA,NA,NA,NA,0.3083,0.2797,0.2797,0.8583,0.8671,NA,NA,NA,NA,NA,NA,NA,NA,NA,NA,NA,NA,NA,NA,0.8671,0.913,0.8684,0.8684,NA,NA,NA,1,NA,0.6792,"latest"
"18",NA,NA,NA,NA,NA,NA,NA,NA,NA,NA,NA,NA,NA,NA,NA,NA,NA,NA,NA,NA,NA,0.3125,0.4078,0.4078,0.5938,0.6893,NA,NA,NA,NA,NA,NA,NA,NA,NA,NA,NA,NA,NA,NA,0.6893,0.8462,0.7765,0.7765,NA,1,NA,0.5965,NA,0.25,"latest"
"19",NA,NA,NA,NA,NA,NA,NA,NA,NA,NA,NA,NA,NA,NA,NA,NA,NA,NA,NA,NA,NA,0.0667,0.5455,0.5455,0.8,0.8636,NA,NA,NA,NA,NA,NA,NA,NA,NA,NA,NA,NA,NA,NA,0.8636,0.75,0.8966,NA,NA,1,NA,0.7273,NA,1,"latest"
"20",NA,NA,NA,NA,NA,NA,NA,NA,NA,NA,NA,NA,NA,NA,NA,NA,NA,NA,NA,NA,NA,1,0.9166,0.9166,1,0.9166,NA,NA,NA,NA,NA,NA,1,NA,NA,NA,NA,NA,NA,NA,0.9166,0.9333,0.8889,NA,NA,NA,NA,1,NA,NA,"latest"
"21",NA,NA,NA,NA,NA,NA,NA,NA,NA,NA,NA,NA,NA,NA,NA,NA,NA,NA,NA,NA,NA,1,1,NA,1,NA,NA,NA,NA,NA,NA,NA,NA,NA,NA,NA,NA,NA,NA,NA,1,1,1,NA,NA,NA,NA,1,NA,1,"latest"
"22",NA,NA,NA,NA,NA,NA,NA,NA,NA,NA,NA,NA,NA,NA,NA,NA,NA,NA,NA,NA,NA,NA,NA,NA,NA,NA,NA,NA,NA,NA,NA,NA,NA,NA,NA,NA,NA,NA,NA,NA,NA,NA,NA,NA,NA,NA,NA,NA,NA,NA,"latest"
"23",NA,NA,NA,NA,NA,NA,NA,NA,NA,NA,NA,NA,NA,NA,NA,NA,NA,NA,NA,NA,NA,0.8462,0.8621,0.8621,0.8462,0.8621,NA,NA,NA,NA,NA,NA,NA,NA,NA,NA,NA,NA,NA,NA,0.8621,0.875,0.8786,0.8786,NA,NA,NA,NA,NA,0.8462,"latest"
"24",NA,NA,NA,NA,NA,NA,NA,NA,NA,NA,NA,NA,NA,NA,NA,NA,NA,NA,NA,NA,NA,0.2736,0.2169,0.2169,0.4428,0.4699,NA,NA,0.6667,NA,NA,0.3889,0.5,NA,0.5,NA,0.5,0.2778,NA,0.5741,0.4699,0.5115,0.4748,0.4748,NA,0.8571,NA,0.418,NA,0.8,"latest"
"25",NA,NA,NA,NA,NA,NA,NA,NA,NA,NA,NA,NA,NA,NA,NA,NA,NA,NA,NA,NA,NA,NA,NA,NA,NA,NA,NA,NA,NA,NA,NA,NA,NA,NA,NA,NA,NA,NA,NA,NA,NA,NA,0.9259,NA,NA,NA,NA,NA,NA,NA,"latest"
"26",NA,NA,NA,NA,NA,NA,NA,NA,NA,NA,NA,NA,NA,NA,NA,NA,NA,NA,NA,NA,NA,0.3955,0.3296,0.3296,0.5905,0.5959,NA,NA,0,NA,NA,0.5449,0.6988,NA,0,NA,0.4444,0.6042,NA,0.6154,0.5959,0.6124,0.5492,0.5492,NA,0.6667,NA,0.5786,NA,1,"latest"
"27",NA,NA,NA,NA,NA,NA,NA,NA,NA,NA,NA,NA,NA,NA,NA,NA,NA,NA,NA,NA,NA,0.4676,0.3789,0.3789,0.5971,0.6266,1,NA,NA,NA,NA,0.5116,0.6195,NA,NA,NA,0.25,0.6571,NA,0.6,0.6266,0.6746,0.6286,0.6286,NA,0.5556,NA,0.5994,NA,0.5,"latest"
"28",NA,NA,NA,NA,NA,NA,NA,NA,NA,NA,NA,NA,NA,NA,NA,NA,NA,NA,NA,NA,NA,NA,NA,NA,NA,NA,NA,NA,NA,NA,NA,NA,NA,NA,NA,NA,NA,NA,NA,NA,NA,NA,NA,NA,NA,NA,NA,NA,NA,NA,"latest"
"29",NA,NA,NA,NA,NA,NA,NA,NA,NA,NA,NA,NA,NA,NA,NA,NA,NA,NA,NA,NA,NA,NA,NA,NA,NA,NA,NA,NA,NA,NA,NA,NA,NA,NA,NA,NA,NA,NA,NA,NA,NA,NA,NA,NA,NA,NA,NA,NA,NA,NA,"latest"
"30",NA,NA,NA,NA,NA,NA,NA,NA,NA,NA,NA,NA,NA,NA,NA,NA,NA,NA,NA,NA,NA,NA,NA,NA,NA,NA,NA,NA,NA,NA,NA,NA,NA,NA,NA,NA,NA,NA,NA,NA,NA,NA,NA,NA,NA,NA,NA,NA,NA,NA,"latest"
"31",NA,NA,NA,NA,NA,NA,NA,NA,NA,NA,NA,NA,NA,NA,NA,NA,NA,NA,NA,NA,NA,NA,NA,NA,NA,NA,NA,NA,NA,NA,NA,NA,NA,NA,NA,NA,NA,NA,NA,NA,NA,NA,NA,NA,NA,NA,NA,NA,NA,NA,"latest"
"32",NA,NA,NA,NA,NA,NA,NA,NA,NA,NA,NA,NA,NA,NA,NA,NA,NA,NA,NA,NA,NA,NA,NA,NA,NA,NA,NA,NA,NA,NA,NA,NA,NA,NA,NA,NA,NA,NA,NA,NA,NA,NA,NA,NA,NA,NA,NA,NA,NA,NA,"latest"
"33",NA,NA,NA,NA,NA,NA,NA,NA,NA,NA,NA,NA,NA,NA,NA,NA,NA,NA,NA,NA,NA,NA,NA,NA,NA,NA,NA,NA,NA,NA,NA,NA,NA,NA,NA,NA,NA,NA,NA,NA,NA,NA,NA,NA,NA,NA,NA,NA,NA,NA,"latest"
"34",NA,NA,NA,NA,NA,NA,NA,NA,NA,NA,NA,NA,NA,NA,NA,NA,NA,NA,NA,NA,NA,NA,NA,NA,NA,NA,NA,NA,NA,NA,NA,NA,NA,NA,NA,NA,NA,NA,NA,NA,NA,NA,NA,NA,NA,NA,NA,NA,NA,NA,"latest"
"35",NA,NA,NA,NA,NA,NA,NA,NA,NA,NA,NA,NA,NA,NA,NA,NA,NA,NA,NA,NA,NA,0.2351,0.2351,0.2351,0.5976,0.5976,NA,NA,1,NA,NA,0.6056,0.5246,NA,NA,NA,0.625,0.8571,NA,0.6,0.5976,NA,NA,NA,NA,0.6875,NA,0.5915,NA,NA,"latest"
"36",NA,NA,NA,NA,NA,NA,NA,NA,NA,NA,NA,NA,NA,NA,NA,NA,NA,NA,NA,NA,NA,0.6538,0.5714,0.5714,0.7692,0.619,NA,NA,NA,NA,NA,0.7,1,NA,NA,NA,NA,NA,NA,1,0.619,0.5676,0.5676,0.5676,NA,NA,NA,NA,NA,0.7692,"latest"
"37",NA,NA,NA,NA,NA,NA,NA,NA,NA,NA,NA,NA,NA,NA,NA,NA,NA,NA,NA,NA,NA,NA,NA,NA,NA,NA,NA,NA,NA,NA,NA,NA,NA,NA,NA,NA,NA,NA,NA,NA,NA,NA,NA,NA,NA,NA,NA,NA,NA,NA,"latest"
"38",NA,NA,NA,NA,NA,NA,NA,NA,NA,NA,NA,NA,NA,NA,NA,NA,NA,NA,NA,NA,NA,0.4679,0.4639,0.4639,0.5449,0.5292,NA,NA,NA,NA,NA,NA,NA,NA,NA,NA,NA,NA,NA,NA,0.5292,0.5185,0.5446,0.5446,NA,0.6667,NA,0.4468,NA,0.7,"latest"
"39",NA,NA,NA,NA,NA,NA,NA,NA,NA,NA,NA,NA,NA,NA,NA,NA,NA,NA,NA,NA,NA,0.8118,0.6979,0.6979,0.8118,0.8065,NA,NA,NA,NA,NA,NA,NA,NA,NA,NA,NA,NA,NA,NA,0.8065,0.8012,0.8012,0.8012,NA,1,NA,1,NA,0.1579,"latest"
"40",0,0.2308,NA,0,NA,NA,NA,NA,NA,NA,NA,NA,NA,NA,0,NA,NA,NA,NA,0.5333,NA,NA,NA,NA,NA,NA,NA,NA,NA,NA,NA,NA,NA,NA,NA,NA,NA,NA,NA,NA,NA,NA,NA,NA,NA,NA,NA,NA,0,NA,"latest"
"41",NA,NA,NA,NA,NA,NA,NA,NA,NA,NA,NA,NA,NA,NA,NA,NA,NA,NA,NA,NA,NA,0.0976,0.0862,0.0862,0.5935,0.5793,NA,NA,0,NA,NA,0.6765,0.3333,NA,NA,NA,NA,NA,NA,0.5854,0.5793,0.5689,0.5096,0.5096,NA,0.5,NA,0.5872,NA,0.8333,"latest"
"42",NA,NA,NA,NA,NA,NA,NA,NA,NA,NA,NA,NA,NA,NA,NA,NA,NA,NA,NA,NA,NA,0,0,0,0.45,0.5185,NA,NA,NA,NA,NA,NA,NA,NA,NA,NA,NA,NA,NA,NA,0.5185,0.5588,0.4964,0.4964,NA,0.5,NA,0.4444,NA,NA,"latest"
"43",NA,0.1667,NA,NA,NA,NA,NA,NA,NA,NA,NA,NA,NA,NA,NA,NA,NA,NA,NA,0.1667,NA,NA,NA,NA,NA,NA,NA,NA,NA,NA,NA,NA,NA,NA,NA,NA,NA,NA,NA,NA,NA,NA,NA,NA,NA,NA,NA,NA,NA,NA,"latest"
"44",0,0.037,NA,0,NA,NA,NA,NA,NA,NA,NA,0,NA,NA,NA,NA,NA,NA,NA,0.0741,NA,NA,NA,NA,NA,NA,NA,NA,NA,NA,NA,NA,NA,NA,NA,NA,NA,NA,NA,NA,NA,NA,NA,NA,NA,NA,0,NA,NA,NA,"latest"
"45",0.1848,0.1955,0.1955,0.3372,0.3458,NA,NA,0.3,NA,0.2267,NA,0.336,NA,0.3333,1,0.3529,0.2857,0.3599,NA,0.3458,0.3927,NA,NA,NA,NA,NA,NA,NA,NA,NA,NA,NA,NA,NA,NA,NA,NA,NA,NA,NA,NA,NA,NA,NA,0.3077,NA,0.344,NA,0.3484,NA,"latest"
"46",NA,NA,NA,NA,NA,NA,NA,NA,NA,NA,NA,NA,NA,NA,NA,NA,NA,NA,NA,NA,NA,NA,NA,NA,NA,NA,NA,NA,NA,NA,NA,NA,NA,NA,NA,NA,NA,NA,NA,NA,NA,NA,NA,NA,NA,NA,NA,NA,NA,NA,"latest"
"47",NA,NA,NA,0.7131,0.6962,NA,NA,NA,NA,0.6923,NA,0.7209,NA,1,NA,NA,NA,0.1,NA,0.6962,NA,NA,NA,NA,NA,NA,NA,NA,NA,NA,NA,NA,NA,NA,NA,NA,NA,NA,NA,NA,NA,NA,NA,NA,1,NA,0.7582,NA,0,NA,"latest"
"48",NA,NA,NA,NA,NA,NA,NA,NA,NA,NA,NA,NA,NA,NA,NA,NA,NA,NA,NA,NA,NA,0.5455,0.3433,0.3433,0.6439,0.6828,NA,NA,NA,NA,NA,NA,NA,NA,NA,NA,NA,NA,NA,NA,0.6828,0.7206,0.7133,0.7133,NA,0.8261,NA,0.6207,NA,0.5455,"latest"
"49",NA,NA,NA,NA,NA,NA,NA,NA,NA,NA,NA,NA,NA,NA,NA,NA,NA,NA,NA,NA,NA,0.5714,0.625,0.625,0.6071,0.6786,NA,NA,NA,NA,NA,NA,NA,NA,NA,NA,NA,NA,NA,NA,0.6786,0.75,0.8585,0.8585,NA,0.2727,NA,0.9333,NA,0,"latest"
"50",NA,NA,NA,NA,NA,NA,NA,NA,NA,NA,NA,NA,NA,NA,NA,NA,NA,NA,NA,NA,NA,0.6939,0.6962,0.6962,0.6939,0.6962,NA,NA,NA,NA,NA,NA,NA,NA,NA,NA,NA,NA,NA,NA,0.6962,0.7,0.6714,0.6714,NA,1,NA,0.6809,NA,NA,"latest"
"51",NA,NA,NA,NA,NA,NA,NA,NA,NA,NA,NA,NA,NA,NA,NA,NA,NA,NA,NA,NA,NA,NA,NA,NA,NA,NA,NA,NA,NA,NA,NA,NA,NA,NA,NA,NA,NA,NA,NA,NA,NA,NA,NA,NA,NA,NA,NA,NA,NA,NA,"latest"
"52",NA,NA,NA,NA,NA,NA,NA,NA,NA,NA,NA,NA,NA,NA,NA,NA,NA,NA,NA,NA,NA,0.4745,0.4591,0.4591,0.6276,0.591,NA,NA,NA,NA,NA,NA,NA,NA,NA,NA,NA,NA,NA,NA,0.591,0.5519,0.5703,0.5703,NA,0.8696,NA,0.4667,NA,0.8868,"latest"
"53",NA,NA,NA,NA,NA,NA,NA,NA,NA,NA,NA,NA,NA,NA,NA,NA,NA,NA,NA,NA,NA,0.8151,0.4276,0.4276,0.8219,0.8551,NA,NA,NA,NA,NA,NA,NA,NA,NA,NA,NA,NA,NA,NA,0.8551,0.8905,0.8907,0.8907,NA,0.8,NA,0.816,NA,0.875,"latest"
"54",0.3333,0.2,NA,0.5,NA,NA,NA,NA,NA,NA,NA,0,NA,NA,0.5714,NA,NA,NA,NA,0.3889,NA,NA,NA,NA,NA,NA,NA,NA,NA,NA,NA,NA,NA,NA,NA,NA,NA,NA,NA,NA,NA,NA,NA,NA,NA,NA,0,NA,0.5714,NA,"latest"
"55",NA,NA,NA,NA,NA,NA,NA,NA,NA,NA,NA,NA,NA,NA,NA,NA,NA,NA,NA,NA,NA,0.6471,0.6396,0.6396,0.7647,0.7477,NA,NA,NA,NA,NA,NA,NA,NA,NA,NA,NA,NA,NA,NA,0.7477,0.7333,0.68,0.68,NA,0.8571,NA,0.9091,NA,0.2727,"latest"
"56",NA,NA,NA,NA,NA,NA,NA,NA,NA,NA,NA,NA,NA,NA,NA,NA,NA,NA,NA,NA,NA,0.9792,0.9756,0.9756,0.9792,0.9756,NA,NA,NA,NA,NA,NA,0.9792,NA,NA,NA,NA,NA,NA,NA,0.9756,0.9706,0.9275,0.9275,NA,NA,NA,1,NA,0,"latest"
"57",NA,NA,NA,NA,NA,NA,NA,NA,NA,NA,NA,NA,NA,NA,NA,NA,NA,NA,NA,NA,NA,NA,NA,NA,NA,NA,NA,NA,NA,NA,NA,NA,NA,NA,NA,NA,NA,NA,NA,NA,NA,NA,NA,NA,NA,NA,NA,NA,NA,NA,"latest"
"58",NA,NA,NA,NA,NA,NA,NA,NA,NA,NA,NA,NA,NA,NA,NA,NA,NA,NA,NA,NA,NA,0.2609,0.2558,0.2558,0.6957,0.7209,NA,NA,NA,NA,NA,NA,NA,NA,NA,NA,NA,NA,NA,NA,0.7209,0.75,0.7455,0.7455,NA,1,NA,0.5625,NA,1,"latest"
"59",NA,NA,NA,NA,NA,NA,NA,NA,NA,NA,NA,NA,NA,NA,NA,NA,NA,NA,NA,NA,NA,0.6389,0.6087,0.6087,0.6944,0.7536,NA,NA,NA,NA,NA,NA,NA,NA,NA,NA,NA,NA,NA,NA,0.7536,0.8182,0.7833,0.7833,NA,0.6667,NA,0.65,NA,0.8571,"latest"
"60",NA,NA,NA,NA,NA,NA,NA,NA,NA,NA,NA,NA,NA,NA,NA,NA,NA,NA,NA,NA,NA,0.2674,0.3083,0.3083,0.7166,0.7128,0.4,NA,1,NA,NA,0.6933,0.7527,NA,0.6667,NA,0.8,0.7857,NA,0.7093,0.7128,0.7273,0.708,0.708,NA,0.96,NA,0.727,NA,0.3043,"latest"
"61",NA,NA,NA,NA,NA,NA,NA,NA,NA,NA,NA,NA,NA,NA,NA,NA,NA,NA,NA,NA,NA,0.1088,0.174,0.174,0.5337,0.5091,1,NA,NA,NA,NA,0.4286,0.5455,NA,1,NA,0.2857,NA,NA,0.5474,0.5091,0.4844,0.4526,0.4526,NA,NA,NA,0.5714,NA,0.434,"latest"
"62",NA,NA,NA,NA,NA,NA,NA,NA,NA,NA,NA,NA,NA,NA,NA,NA,NA,NA,NA,NA,NA,NA,NA,NA,NA,NA,NA,NA,NA,NA,NA,NA,NA,NA,NA,NA,NA,NA,NA,NA,NA,NA,NA,NA,NA,NA,NA,NA,NA,NA,"latest"
"63",NA,NA,NA,NA,NA,NA,NA,NA,NA,NA,NA,NA,NA,NA,NA,NA,NA,NA,NA,NA,NA,NA,NA,NA,NA,NA,NA,NA,NA,NA,NA,NA,NA,NA,NA,NA,NA,NA,NA,NA,NA,NA,NA,NA,NA,NA,NA,NA,NA,NA,"latest"
"64",NA,NA,NA,NA,NA,NA,NA,NA,NA,NA,NA,NA,NA,NA,NA,NA,NA,NA,NA,NA,NA,NA,NA,NA,NA,NA,NA,NA,NA,NA,NA,NA,NA,NA,NA,NA,NA,NA,NA,NA,NA,NA,NA,NA,NA,NA,NA,NA,NA,NA,"latest"
"65",NA,NA,NA,NA,NA,NA,NA,NA,NA,NA,NA,NA,NA,NA,NA,NA,NA,NA,NA,NA,NA,NA,NA,NA,NA,NA,NA,NA,NA,NA,NA,NA,NA,NA,NA,NA,NA,NA,NA,NA,NA,NA,NA,NA,NA,NA,NA,NA,NA,NA,"latest"
"66",NA,NA,NA,NA,NA,NA,NA,NA,NA,NA,NA,NA,NA,NA,NA,NA,NA,NA,NA,NA,NA,NA,NA,NA,NA,NA,NA,NA,NA,NA,NA,NA,NA,NA,NA,NA,NA,NA,NA,NA,NA,NA,NA,NA,NA,NA,NA,NA,NA,NA,"latest"
"67",0.4831,0.4524,0.4524,0.4294,0.4313,0,NA,0.5,NA,0.4225,NA,0.5385,NA,0.6667,NA,0.375,NA,0.4032,NA,0.4313,NA,NA,NA,NA,NA,NA,NA,NA,NA,NA,NA,NA,NA,NA,NA,NA,NA,NA,NA,NA,NA,NA,NA,NA,0.4,NA,0.4296,NA,0.4348,NA,"latest"
"68",NA,NA,NA,NA,NA,NA,NA,NA,NA,NA,NA,NA,NA,NA,NA,NA,NA,NA,NA,NA,NA,0.0392,0.0808,0.0808,0.1373,0.1313,NA,NA,NA,NA,NA,NA,NA,NA,NA,NA,NA,NA,NA,NA,0.1313,0.125,0.1364,0.1364,NA,NA,NA,0.1944,NA,0,"latest"
"69",NA,NA,NA,NA,NA,NA,NA,NA,NA,NA,NA,NA,NA,NA,NA,NA,NA,NA,NA,NA,NA,0.0943,0.0725,0.0725,0.522,0.4924,NA,NA,NA,NA,NA,NA,NA,NA,NA,NA,NA,NA,NA,NA,0.4924,0.4466,0.45,0.45,NA,1,NA,0.456,NA,0.7333,"latest"
"70",NA,NA,NA,NA,NA,NA,NA,NA,NA,NA,NA,NA,NA,NA,NA,NA,NA,NA,NA,NA,NA,0.8584,0.8475,0.8475,0.863,0.8495,1,NA,NA,NA,NA,1,0.8685,NA,NA,0,NA,NA,NA,1,0.8495,0.8392,0.8474,0.8474,NA,0.8125,NA,0.8737,NA,0.6,"latest"
"71",NA,NA,NA,NA,NA,NA,NA,NA,NA,NA,NA,NA,NA,NA,NA,NA,NA,NA,NA,NA,NA,0.7787,0.7986,0.7986,0.9617,0.9479,NA,NA,NA,NA,NA,0.7,0.9818,NA,NA,NA,NA,NA,NA,0.6,0.9479,0.8868,0.8675,0.8675,NA,0.9367,NA,0.9744,NA,NA,"latest"
"72",NA,NA,NA,NA,NA,NA,NA,NA,NA,NA,NA,NA,NA,NA,NA,NA,NA,NA,NA,NA,NA,0.5789,0.3084,0.3084,0.6316,0.6916,NA,NA,NA,NA,NA,NA,NA,NA,NA,NA,NA,NA,NA,NA,0.6916,0.8,0.75,0.75,NA,0.75,NA,0.6,NA,0.6,"latest"
"73",NA,NA,NA,NA,NA,NA,NA,NA,NA,NA,NA,NA,NA,NA,NA,NA,NA,NA,NA,NA,NA,NA,NA,NA,NA,NA,NA,NA,NA,NA,NA,NA,NA,NA,NA,NA,NA,NA,NA,NA,NA,NA,NA,NA,NA,NA,NA,NA,NA,NA,"latest"
"74",NA,NA,NA,NA,NA,NA,NA,NA,NA,NA,NA,NA,NA,NA,NA,NA,NA,NA,NA,NA,NA,0.1071,0.4944,0.4944,0.8929,0.7416,NA,NA,NA,NA,NA,0.88,1,NA,NA,NA,NA,NA,NA,1,0.7416,0.6721,0.7379,0.7379,NA,1,NA,0.8846,NA,NA,"latest"
"75",0.1048,0.1189,0.1189,0.2009,0.2459,NA,NA,0,NA,0.2077,NA,0,NA,NA,NA,0.2,0,0.25,NA,0.2459,0.2485,NA,NA,NA,NA,NA,NA,NA,NA,NA,NA,NA,NA,NA,NA,NA,NA,NA,NA,NA,NA,NA,NA,NA,0.0952,NA,0.2246,NA,NA,NA,"latest"
"76",0.2,0.1818,0.1818,0.5,0.5441,NA,NA,NA,NA,NA,NA,NA,NA,NA,1,NA,NA,0.4667,NA,0.5441,0.5556,NA,NA,NA,NA,NA,NA,NA,NA,NA,NA,NA,NA,NA,NA,NA,NA,NA,NA,NA,NA,NA,NA,NA,NA,NA,0.4167,NA,0.75,NA,"latest"
"77",NA,NA,NA,NA,NA,NA,NA,NA,NA,NA,NA,NA,NA,NA,NA,NA,NA,NA,NA,NA,NA,0.6247,0.4676,0.4676,0.6843,0.6737,0.75,NA,0.7778,NA,NA,0.621,0.7297,NA,0.6667,NA,0.4286,0.7375,NA,0.6908,0.6737,0.6818,0.6988,0.6988,NA,0.8542,NA,0.6945,NA,0.1364,"latest"
"78",NA,0.1429,NA,NA,NA,NA,NA,NA,NA,NA,NA,NA,NA,NA,NA,NA,NA,NA,NA,0.1429,NA,NA,NA,NA,NA,NA,NA,NA,NA,NA,NA,NA,NA,NA,NA,NA,NA,NA,NA,NA,NA,NA,NA,NA,NA,NA,NA,NA,NA,NA,"latest"
"79",0.6976,0.7113,0.7113,0.8188,0.8283,1,NA,0.8819,NA,0.7086,NA,0.8411,NA,0.5,0.8377,0.7818,0.8,0.8214,NA,0.8283,0.8253,NA,NA,NA,NA,NA,NA,NA,NA,NA,NA,NA,NA,NA,NA,NA,NA,NA,NA,NA,NA,NA,NA,NA,0.7966,NA,0.78,NA,0.8338,NA,"latest"
"80",NA,NA,NA,0.2961,0.3095,0.5,NA,0,NA,0,NA,0.3243,NA,NA,1,1,0.25,0.3021,NA,0.3095,NA,NA,NA,NA,NA,NA,NA,NA,NA,NA,NA,NA,NA,NA,NA,NA,NA,NA,NA,NA,NA,NA,NA,NA,NA,NA,0.2813,NA,0.3068,NA,"latest"
"81",NA,NA,NA,0.2687,0.272,0,NA,0.3529,NA,0.1869,NA,0.2308,NA,NA,0.375,0.2051,0.25,0.3101,NA,0.272,NA,NA,NA,NA,NA,NA,NA,NA,NA,NA,NA,NA,NA,NA,NA,NA,NA,NA,NA,NA,NA,NA,NA,NA,NA,NA,0.2217,NA,0.3416,NA,"latest"
"82",NA,NA,NA,0.507,0.4539,1,NA,NA,NA,0.2121,NA,0.6364,NA,NA,NA,1,0,0.5362,NA,0.4539,NA,NA,NA,NA,NA,NA,NA,NA,NA,NA,NA,NA,NA,NA,NA,NA,NA,NA,NA,NA,NA,NA,NA,NA,0.2727,NA,0.4551,NA,0.6316,NA,"latest"
"83",NA,NA,NA,NA,NA,NA,NA,NA,NA,NA,NA,NA,NA,NA,NA,NA,NA,NA,NA,NA,NA,0.4916,0.4491,0.4491,0.5159,0.5103,NA,NA,NA,NA,NA,NA,NA,NA,NA,NA,NA,NA,NA,NA,0.5103,0.5047,0.4743,0.4743,NA,NA,NA,0.4874,NA,0.6458,"latest"
"84",NA,NA,NA,NA,NA,NA,NA,NA,NA,NA,NA,NA,NA,NA,NA,NA,NA,NA,NA,NA,NA,0.6471,0.6078,0.6078,0.7059,0.6863,NA,NA,NA,NA,NA,NA,NA,NA,NA,NA,NA,NA,NA,NA,0.6863,0.6667,0.6202,0.6202,NA,NA,NA,1,NA,0.1667,"latest"
"85",NA,NA,NA,NA,NA,NA,NA,NA,NA,NA,NA,NA,NA,NA,NA,NA,NA,NA,NA,NA,NA,0.5928,0.5581,0.5581,0.7003,0.6204,0.5,NA,0.5714,NA,NA,0.6182,0.6941,NA,0,0.1429,0.5714,1,NA,0.7254,0.6204,0.6393,0.6166,0.6166,NA,NA,NA,0.7688,NA,0.6762,"latest"
"86",NA,NA,NA,0.4141,0.3907,0.375,NA,0.5968,NA,0.2541,NA,0.3996,NA,0.5,0.4118,0.3974,0.4167,0.459,NA,0.3907,NA,NA,NA,NA,NA,NA,NA,NA,NA,NA,NA,NA,NA,NA,NA,NA,NA,NA,NA,NA,NA,NA,NA,NA,0.3506,NA,0.3546,NA,0.5127,NA,"latest"
"87",0.2059,0.2208,0.2208,0.269,0.2916,1,NA,NA,NA,0.1111,NA,0.3846,NA,NA,0.6207,0,NA,0.2254,NA,0.2916,0.2971,NA,NA,NA,NA,NA,NA,NA,NA,NA,NA,NA,NA,NA,NA,NA,NA,NA,NA,NA,NA,NA,NA,NA,0.1892,NA,0.125,NA,0.6087,NA,"latest"
"88",0.2967,0.3141,0.3141,0.3971,0.4197,0,NA,0,NA,0.3167,NA,0.3875,NA,NA,0.5385,0.2,0,0.5789,NA,0.4197,0.4039,NA,NA,NA,NA,NA,NA,NA,NA,NA,NA,NA,NA,NA,NA,NA,NA,NA,NA,NA,NA,NA,NA,NA,0.4138,NA,0.3629,NA,0.4643,NA,"latest"
"89",NA,NA,NA,NA,NA,NA,NA,NA,NA,NA,NA,NA,NA,NA,NA,NA,NA,NA,NA,NA,NA,0.5925,0.6063,0.6063,0.6316,0.6483,0.7143,NA,0.65,NA,NA,0.576,0.6873,NA,0.6667,NA,0.6667,NA,NA,0.643,0.6483,0.664,0.6418,0.6418,NA,NA,NA,0.5774,NA,0.6458,"latest"
"90",NA,NA,NA,0.3536,0.3344,0.5,NA,0.75,NA,0.2299,NA,0.3855,NA,NA,0.5217,0.2561,0.3871,0.4312,NA,0.3344,NA,NA,NA,NA,NA,NA,NA,NA,NA,NA,NA,NA,NA,NA,NA,NA,NA,NA,NA,NA,NA,NA,NA,NA,0.4267,NA,0.2576,NA,0.4693,NA,"latest"
"91",NA,NA,NA,NA,NA,NA,NA,NA,NA,NA,NA,NA,NA,NA,NA,NA,NA,NA,NA,NA,NA,0.5647,0.6961,0.6961,0.5953,0.7818,NA,NA,NA,NA,NA,NA,NA,NA,NA,NA,NA,NA,NA,NA,0.7818,1,0.909,0.909,NA,NA,NA,0.46,NA,0.7156,"latest"
"92",NA,NA,NA,0.573,0.5365,0,NA,0.6,NA,0.6,NA,0.8182,NA,NA,0.75,0.6,0.5556,0.6642,NA,0.5365,NA,NA,NA,NA,NA,NA,NA,NA,NA,NA,NA,NA,NA,NA,NA,NA,NA,NA,NA,NA,NA,NA,NA,NA,0.5,NA,0.4938,NA,0.6487,NA,"latest"
"93",0.3061,0.2976,0.2976,0.3387,0.3455,0,NA,0,NA,0.3043,NA,0.5,NA,NA,NA,NA,NA,0.3714,NA,0.3455,0.395,NA,NA,NA,NA,NA,NA,NA,NA,NA,NA,NA,NA,NA,NA,NA,NA,NA,NA,NA,NA,NA,NA,NA,0.5385,NA,0.2683,NA,0.375,NA,"latest"
"94",0.2857,0.1818,0.1818,0.2734,0.2765,NA,NA,0,NA,0.1818,NA,NA,NA,NA,NA,0,0.1667,0.3537,NA,0.2765,0.1111,NA,NA,NA,NA,NA,NA,NA,NA,NA,NA,NA,NA,NA,NA,NA,NA,NA,NA,NA,NA,NA,NA,NA,0.1,NA,0.2973,NA,0.2222,NA,"latest"
"95",0.5417,0.5477,0.5477,0.6127,0.6176,1,NA,0.75,NA,0.5224,NA,0.6074,NA,NA,0.5,0.5143,0,0.6359,NA,0.6176,0.6463,NA,NA,NA,NA,NA,NA,NA,NA,NA,NA,NA,NA,NA,NA,NA,NA,NA,NA,NA,NA,NA,NA,NA,0.6173,NA,0.5663,NA,0.6481,NA,"latest"
"96",NA,NA,NA,NA,NA,NA,NA,NA,NA,NA,NA,NA,NA,NA,NA,NA,NA,NA,NA,NA,NA,0.8,0.6393,0.6393,0.8,0.6393,NA,NA,NA,NA,NA,0.8929,0.3846,NA,NA,NA,NA,NA,NA,0.8718,0.6393,0.4744,0.5678,0.5678,NA,NA,NA,0.8,NA,NA,"latest"
"97",NA,NA,NA,NA,NA,NA,NA,NA,NA,NA,NA,NA,NA,NA,NA,NA,NA,NA,NA,NA,NA,0.7865,0.8198,0.8198,0.7865,0.8198,NA,NA,1,NA,NA,0.7143,0.8182,NA,NA,NA,1,NA,NA,0.7794,0.8198,0.8421,0.7625,0.7625,NA,NA,NA,0.9273,NA,0.5588,"latest"
"98",0.32,0.306,0.306,0.6086,0.5993,0.75,NA,0.6,NA,0.4074,NA,0.6667,NA,0,0.7079,0.5185,0.7083,0.613,NA,0.5993,0.5708,NA,NA,NA,NA,NA,NA,NA,NA,NA,NA,NA,NA,NA,NA,NA,NA,NA,NA,NA,NA,NA,NA,NA,0.5985,NA,0.5145,NA,0.6821,NA,"latest"
"99",NA,NA,NA,0.3125,0.3085,0,NA,0.5098,NA,0.2398,NA,0.3244,NA,0.4,0.4,0.2152,0.3214,0.3831,NA,0.3085,NA,NA,NA,NA,NA,NA,NA,NA,NA,NA,NA,NA,NA,NA,NA,NA,NA,NA,NA,NA,NA,NA,NA,NA,0.2586,NA,0.2861,NA,0.3738,NA,"latest"
"100",NA,NA,NA,0.3521,0.3709,0.5,NA,0.2143,NA,0.2778,NA,0.3095,NA,0,0.2727,0.4063,0.5294,0.3608,NA,0.3709,NA,NA,NA,NA,NA,NA,NA,NA,NA,NA,NA,NA,NA,NA,NA,NA,NA,NA,NA,NA,NA,NA,NA,NA,0.4783,NA,0.2934,NA,0.3882,NA,"latest"
"101",NA,NA,NA,NA,NA,NA,NA,NA,NA,NA,NA,NA,NA,NA,NA,NA,NA,NA,NA,NA,NA,0.5455,0.5425,0.5425,0.6667,0.7234,NA,NA,NA,NA,NA,NA,NA,NA,NA,NA,NA,NA,NA,NA,0.7234,0.8571,0.7384,0.7384,NA,1,NA,0.6452,NA,NA,"latest"
"102",NA,NA,NA,NA,NA,NA,NA,NA,NA,NA,NA,NA,NA,NA,NA,NA,NA,NA,NA,NA,NA,0.2022,0.1957,0.1957,0.6173,0.5204,NA,NA,0.5714,NA,NA,0.5521,0.6463,NA,1,NA,0.75,0,NA,0.6667,0.5204,0.5798,0.6556,0.6556,NA,NA,NA,0.4328,NA,0.7902,"latest"
"103",0.4496,0.4403,0.4403,0.5342,0.5323,0.4,NA,0.3333,NA,0.3846,NA,0.3889,NA,0,0.6154,0.3333,0.3333,0.5884,NA,0.5323,0.4883,NA,NA,NA,NA,NA,NA,NA,NA,NA,NA,NA,NA,NA,NA,NA,NA,NA,NA,NA,NA,NA,NA,NA,0.5283,NA,0.4516,NA,0.6102,NA,"latest"
"104",NA,NA,NA,0.3543,0.3361,1,NA,0.5909,NA,0.2388,NA,0.3153,NA,0,0,0.2857,0.2,0.3719,NA,0.3361,NA,NA,NA,NA,NA,NA,NA,NA,NA,NA,NA,NA,NA,NA,NA,NA,NA,NA,NA,NA,NA,NA,NA,NA,0.28,NA,0.2947,NA,0.4622,NA,"latest"
"105",NA,NA,NA,0.2896,0.2954,0.1818,NA,0.2683,NA,0.1116,NA,0.3,NA,0.3333,0.1429,0.2923,0.125,0.3443,NA,0.2954,NA,NA,NA,NA,NA,NA,NA,NA,NA,NA,NA,NA,NA,NA,NA,NA,NA,NA,NA,NA,NA,NA,NA,NA,0.2857,NA,0.2214,NA,0.3885,NA,"latest"
"106",0.1576,0.1838,0.1838,0.3614,0.3689,NA,NA,NA,NA,0.3392,NA,0.4167,NA,NA,0.5357,0.5,0.381,0,NA,0.3689,0.3945,NA,NA,NA,NA,NA,NA,NA,NA,NA,NA,NA,NA,NA,NA,NA,NA,NA,NA,NA,NA,NA,NA,NA,0.36,NA,0.3172,NA,0.84,NA,"latest"
"107",NA,NA,NA,NA,NA,NA,NA,NA,NA,NA,NA,NA,NA,NA,NA,NA,NA,NA,NA,NA,NA,0.6581,0.682,0.682,0.6838,0.6987,NA,NA,NA,NA,NA,0.5556,0.75,NA,NA,NA,0.3333,NA,NA,0.703,0.6987,0.7131,0.6504,0.6504,NA,NA,NA,0.6622,NA,0.7209,"latest"
"108",0.5746,0.5737,0.5737,0.6418,0.6371,0,NA,0.375,NA,0.5313,NA,0.66,NA,NA,0.6,0.5556,0.6829,0.6563,NA,0.6371,0.5902,NA,NA,NA,NA,NA,NA,NA,NA,NA,NA,NA,NA,NA,NA,NA,NA,NA,NA,NA,NA,NA,NA,NA,0.6992,NA,0.5314,NA,0.6933,NA,"latest"
"109",NA,NA,NA,NA,NA,NA,NA,NA,NA,NA,NA,NA,NA,NA,NA,NA,NA,NA,NA,NA,NA,0.7931,0.4423,0.4423,0.8103,0.7981,NA,NA,NA,NA,NA,NA,NA,NA,NA,NA,NA,NA,NA,NA,0.7981,0.7826,0.7283,0.7283,NA,0.8333,NA,0.7895,NA,0.875,"latest"
"110",NA,NA,NA,NA,NA,NA,NA,NA,NA,NA,NA,NA,NA,NA,NA,NA,NA,NA,NA,NA,NA,0.6804,0.6972,0.6972,0.732,0.7399,NA,NA,NA,NA,NA,NA,NA,NA,NA,NA,NA,NA,NA,NA,0.7399,0.7542,0.7357,0.7357,NA,NA,NA,0.7114,NA,0.7411,"latest"
"111",NA,NA,NA,NA,NA,NA,NA,NA,NA,NA,NA,NA,NA,NA,NA,NA,NA,NA,NA,NA,NA,0.3021,0.3472,0.3472,0.3021,0.3472,NA,NA,0,NA,NA,0.4286,0.2754,NA,NA,NA,0,NA,NA,0.3636,0.3472,0.4,0.3295,0.3295,NA,NA,NA,0.3065,NA,0.2941,"latest"
"112",0.6836,0.6817,0.6817,0.8993,0.8896,0.7778,NA,0.9074,NA,0.7929,NA,0.895,NA,0.8939,0.7727,0.8172,0.947,0.9158,NA,0.8896,0.8765,NA,NA,NA,NA,NA,NA,NA,NA,NA,NA,NA,NA,NA,NA,NA,NA,NA,NA,NA,NA,NA,NA,NA,0.8784,NA,0.8678,NA,0.918,NA,"latest"
"113",NA,NA,NA,0.4425,0.4166,0,NA,0.6154,NA,0.2778,NA,0.4667,NA,NA,0,0.5,0.4,0.4563,NA,0.4166,NA,NA,NA,NA,NA,NA,NA,NA,NA,NA,NA,NA,NA,NA,NA,NA,NA,NA,NA,NA,NA,NA,NA,NA,0.375,NA,0.3622,NA,0.5279,NA,"latest"
"114",0.6834,0.6813,0.6813,0.7413,0.7475,NA,NA,0.875,NA,0.5333,NA,0.7931,NA,NA,0.8333,0.6667,0.6667,0.735,NA,0.7475,0.7169,NA,NA,NA,NA,NA,NA,NA,NA,NA,NA,NA,NA,NA,NA,NA,NA,NA,NA,NA,NA,NA,NA,NA,0.7568,NA,0.7126,NA,0.742,NA,"latest"
"115",0.2171,0.2161,0.2161,0.4766,0.4787,0.4,NA,0.4474,NA,0.4745,NA,0.436,NA,0.6667,0.3913,0.4026,0.4615,0.4936,NA,0.4787,0.4783,NA,NA,NA,NA,NA,NA,NA,NA,NA,NA,NA,NA,NA,NA,NA,NA,NA,NA,NA,NA,NA,NA,NA,0.4274,NA,0.4423,NA,0.5123,NA,"latest"
"116",NA,NA,NA,NA,NA,NA,NA,NA,NA,NA,NA,NA,NA,NA,NA,NA,NA,NA,NA,NA,NA,0.3158,0.3334,0.3334,0.5263,0.5294,NA,NA,NA,NA,NA,NA,NA,NA,NA,NA,NA,NA,NA,NA,0.5294,0.6444,0.6352,0.6352,NA,0.5,NA,0.475,NA,0.6923,"latest"
"117",0.5247,0.5478,0.5478,0.6009,0.6239,NA,NA,0.6667,NA,0.625,NA,0.6585,NA,NA,0.25,0.5,0.5,0.6013,NA,0.6239,0.6725,NA,NA,NA,NA,NA,NA,NA,NA,NA,NA,NA,NA,NA,NA,NA,NA,NA,NA,NA,NA,NA,NA,NA,0.48,NA,0.6,NA,0.6224,NA,"latest"
"118",NA,NA,NA,NA,NA,NA,NA,NA,NA,NA,NA,NA,NA,NA,NA,NA,NA,NA,NA,NA,NA,0.5573,0.5598,0.5598,0.6987,0.6795,NA,NA,NA,NA,NA,NA,NA,NA,NA,NA,NA,NA,NA,NA,0.6795,0.6643,0.6384,0.6384,NA,0.8425,NA,0.675,NA,0.6862,"latest"
"119",NA,NA,NA,NA,NA,NA,NA,NA,NA,NA,NA,NA,NA,NA,NA,NA,NA,NA,NA,NA,NA,0.2875,0.4127,0.4127,0.8125,0.7725,NA,NA,NA,NA,NA,NA,NA,NA,NA,NA,NA,NA,NA,NA,0.7725,0.7431,0.7934,0.7934,NA,0.875,NA,0.7941,NA,1,"latest"
"120",NA,NA,NA,NA,NA,NA,NA,NA,NA,NA,NA,NA,NA,NA,NA,NA,NA,NA,NA,NA,NA,0.7758,0.7299,0.7299,0.7758,0.7322,1,NA,1,NA,NA,0.7753,0.7647,NA,NA,NA,1,NA,NA,0.7188,0.7322,0.7043,0.6996,0.6996,NA,0.8667,NA,0.8469,NA,0.6154,"latest"
"121",NA,NA,NA,NA,NA,NA,NA,NA,NA,NA,NA,NA,NA,NA,NA,NA,NA,NA,NA,NA,NA,1,1,1,1,1,NA,NA,NA,NA,NA,NA,1,NA,NA,NA,NA,NA,NA,NA,1,1,1,1,NA,1,NA,1,NA,1,"latest"
"122",NA,NA,NA,NA,NA,NA,NA,NA,NA,NA,NA,NA,NA,NA,NA,NA,NA,NA,NA,NA,NA,NA,NA,NA,NA,NA,NA,NA,NA,NA,NA,NA,NA,NA,NA,NA,NA,NA,NA,NA,NA,NA,NA,NA,NA,NA,NA,NA,NA,NA,"latest"
"123",NA,NA,NA,NA,NA,NA,NA,NA,NA,NA,NA,NA,NA,NA,NA,NA,NA,NA,NA,NA,NA,NA,NA,NA,NA,NA,NA,NA,NA,NA,NA,NA,NA,NA,NA,NA,NA,NA,NA,NA,NA,NA,NA,NA,NA,NA,NA,NA,NA,NA,"latest"
"124",NA,NA,NA,NA,NA,NA,NA,NA,NA,NA,NA,NA,NA,NA,NA,NA,NA,NA,NA,NA,NA,NA,NA,NA,NA,NA,NA,NA,NA,NA,NA,NA,NA,NA,NA,NA,NA,NA,NA,NA,NA,NA,NA,NA,NA,NA,NA,NA,NA,NA,"latest"
"125",NA,NA,NA,NA,NA,NA,NA,NA,NA,NA,NA,NA,NA,NA,NA,NA,NA,NA,NA,NA,NA,1,0.48,0.48,1,0.72,NA,NA,NA,NA,NA,NA,NA,NA,NA,NA,NA,NA,NA,NA,0.72,1,0.6046,0.6046,NA,NA,NA,NA,NA,1,"latest"
"126",NA,NA,NA,NA,NA,NA,NA,NA,NA,NA,NA,NA,NA,NA,NA,NA,NA,NA,NA,NA,NA,NA,NA,NA,NA,NA,NA,NA,NA,NA,NA,NA,NA,NA,NA,NA,NA,NA,NA,NA,NA,NA,NA,NA,NA,NA,NA,NA,NA,NA,"latest"
"127",NA,NA,NA,NA,NA,NA,NA,NA,NA,NA,NA,NA,NA,NA,NA,NA,NA,NA,NA,NA,NA,NA,NA,NA,NA,NA,NA,NA,NA,NA,NA,NA,NA,NA,NA,NA,NA,NA,NA,NA,NA,NA,NA,NA,NA,NA,NA,NA,NA,NA,"latest"
"128",NA,NA,NA,NA,NA,NA,NA,NA,NA,NA,NA,NA,NA,NA,NA,NA,NA,NA,NA,NA,NA,0.0515,0.037,0.037,0.3918,0.3386,NA,NA,NA,NA,NA,NA,NA,NA,NA,NA,NA,NA,NA,NA,0.3386,0.2826,0.3376,0.3376,NA,0.6667,NA,0.3538,NA,0.4231,"latest"
"129",NA,NA,NA,NA,NA,NA,NA,NA,NA,NA,NA,NA,NA,NA,NA,NA,NA,NA,NA,NA,NA,0.3519,0.2186,0.2186,0.7778,0.7887,NA,NA,1,NA,NA,0.5,0.779,NA,NA,NA,NA,NA,NA,NA,0.7887,0.7993,0.7967,0.7967,NA,0.4,NA,0.7946,NA,0.7625,"latest"
"130",NA,NA,NA,0.7857,0.7059,1,NA,NA,NA,NA,NA,0.7778,NA,NA,NA,1,NA,0.5,NA,0.7059,NA,NA,NA,NA,NA,NA,NA,NA,NA,NA,NA,NA,NA,NA,NA,NA,NA,NA,NA,NA,NA,NA,NA,NA,1,NA,0.75,NA,1,NA,"latest"
"131",NA,NA,NA,NA,NA,NA,NA,NA,NA,NA,NA,NA,NA,NA,NA,NA,NA,NA,NA,NA,NA,0.9096,0.9096,0.9096,0.9096,0.9096,NA,NA,NA,NA,NA,NA,NA,NA,NA,NA,NA,NA,NA,NA,0.9096,0.9096,0.8843,0.8843,NA,0,NA,0.9119,NA,NA,"latest"
"132",NA,NA,NA,NA,NA,NA,NA,NA,NA,NA,NA,NA,NA,NA,NA,NA,NA,NA,NA,NA,NA,NA,NA,NA,NA,NA,NA,NA,NA,NA,NA,NA,NA,NA,NA,NA,NA,NA,NA,NA,NA,NA,NA,NA,NA,NA,NA,NA,NA,NA,"latest"
"133",NA,NA,NA,NA,NA,NA,NA,NA,NA,NA,NA,NA,NA,NA,NA,NA,NA,NA,NA,NA,NA,0.6103,0.5709,0.5709,0.6103,0.6092,NA,NA,1,NA,NA,0.5294,0.6,NA,NA,NA,NA,NA,NA,0.6719,0.6092,0.608,0.6309,0.6309,NA,0.75,NA,0.5984,NA,1,"latest"
"134",NA,NA,NA,NA,NA,NA,NA,NA,NA,NA,NA,NA,NA,NA,NA,NA,NA,NA,NA,NA,NA,0.2976,0.2361,0.2361,0.6071,0.6528,NA,NA,NA,NA,NA,NA,NA,NA,NA,NA,NA,NA,NA,NA,0.6528,0.7167,0.6762,0.6762,NA,0.6667,NA,0.6154,NA,0.5952,"latest"
"135",0,0.1089,0.1089,0.3481,0.4095,0,NA,0.3333,NA,0.2353,NA,0.25,NA,NA,1,0.75,NA,0.375,NA,0.4095,0.1667,NA,NA,NA,NA,NA,NA,NA,NA,NA,NA,NA,NA,NA,NA,NA,NA,NA,NA,NA,NA,NA,NA,NA,0.4286,NA,0.3538,NA,0.2143,NA,"latest"
"136",NA,NA,NA,NA,NA,NA,NA,NA,NA,NA,NA,NA,NA,NA,NA,NA,NA,NA,NA,NA,NA,0.3048,0.2973,0.2973,0.5968,0.5859,0.5455,NA,0.6923,NA,NA,0.4895,0.6244,NA,0.4,1,0.4835,0.6047,NA,0.6195,0.5859,0.5838,0.5781,0.5781,NA,0.6858,NA,0.5592,NA,0.6359,"latest"
"137",NA,NA,NA,NA,NA,NA,NA,NA,NA,NA,NA,NA,NA,NA,NA,NA,NA,NA,NA,NA,NA,0.6829,0.675,0.675,0.6829,0.7033,0.5,NA,0.8462,NA,NA,0.6646,0.7103,NA,0.4,NA,0.625,0.5227,NA,0.684,0.7033,0.7236,0.7172,0.7172,NA,NA,NA,0.9267,NA,0,"latest"
"138",NA,NA,NA,0.4643,0.4,NA,NA,NA,NA,0.3889,NA,0.6667,NA,NA,NA,0,1,0.6,NA,0.4,NA,NA,NA,NA,NA,NA,NA,NA,NA,NA,NA,NA,NA,NA,NA,NA,NA,NA,NA,NA,NA,NA,NA,NA,0,NA,0.5417,NA,0,NA,"latest"
"139",0.5455,0.5103,0.5103,0.5866,0.5449,0.5,NA,0.5455,NA,0.5052,NA,0.6528,NA,0,NA,0.9167,0,0.5901,NA,0.5449,0.5034,NA,NA,NA,NA,NA,NA,NA,NA,NA,NA,NA,NA,NA,NA,NA,NA,NA,NA,NA,NA,NA,NA,NA,0.5192,NA,0.4987,NA,0.99,NA,"latest"
"140",NA,NA,NA,NA,NA,NA,NA,NA,NA,NA,NA,NA,NA,NA,NA,NA,NA,NA,NA,NA,NA,0.5413,0.6356,0.6356,0.7156,0.7415,1,NA,0.5,NA,NA,0.75,0.8261,NA,NA,0,0.2,0.7,NA,0.5385,0.7415,0.7638,0.8023,0.8023,NA,0.8966,NA,0.4694,NA,0.9355,"latest"
"141",NA,NA,NA,NA,NA,NA,NA,NA,NA,NA,NA,NA,NA,NA,NA,NA,NA,NA,NA,NA,NA,0.4861,0.5068,0.5068,0.4861,0.5068,NA,NA,1,NA,NA,0.3976,0.4828,NA,1,0.3333,NA,NA,NA,0.5081,0.5068,0.5487,0.6031,0.6031,NA,NA,NA,0.4038,NA,0.5767,"latest"
"142",NA,NA,NA,NA,NA,NA,NA,NA,NA,NA,NA,NA,NA,NA,NA,NA,NA,NA,NA,NA,NA,0.623,0.403,0.403,0.6903,0.763,NA,NA,NA,NA,NA,NA,NA,NA,NA,NA,NA,NA,NA,NA,0.763,0.8559,0.7866,0.7866,NA,0.2727,NA,0.9819,NA,0.5016,"latest"
"143",NA,NA,NA,NA,NA,NA,NA,NA,NA,NA,NA,NA,NA,NA,NA,NA,NA,NA,NA,NA,NA,0.4868,0.4837,0.4837,0.6278,0.6384,1,NA,0.6667,NA,NA,0.504,0.5953,NA,0.8333,1,0.6842,1,NA,0.6582,0.6384,0.6688,0.6742,0.6742,NA,0.7163,NA,0.6439,NA,0.4435,"latest"
"144",NA,NA,NA,NA,NA,NA,NA,NA,NA,NA,NA,NA,NA,NA,NA,NA,NA,NA,NA,NA,NA,0.0091,0.0176,0.0176,0.9909,0.9471,NA,NA,NA,NA,NA,NA,NA,NA,NA,NA,NA,NA,NA,NA,0.9471,0.8667,0.7606,0.7606,NA,NA,NA,0.9909,NA,NA,"latest"
"145",0.4132,0.3681,0.3681,0.5553,0.5226,NA,NA,NA,NA,0.5032,NA,0.5273,NA,NA,0.7826,0.4444,0.5085,0.6491,NA,0.5226,0.3913,NA,NA,NA,NA,NA,NA,NA,NA,NA,NA,NA,NA,NA,NA,NA,NA,NA,NA,NA,NA,NA,NA,NA,0.6442,NA,0.4983,NA,0.6463,NA,"latest"
"146",NA,NA,NA,NA,NA,NA,NA,NA,NA,NA,NA,NA,NA,NA,NA,NA,NA,NA,NA,NA,NA,0.8452,0.815,0.815,0.902,0.8446,NA,NA,NA,NA,NA,NA,NA,NA,NA,NA,NA,NA,NA,NA,0.8446,0.7821,0.7932,0.7932,NA,NA,NA,0.9163,NA,0,"latest"
"147",NA,NA,NA,NA,NA,NA,NA,NA,NA,NA,NA,NA,NA,NA,NA,NA,NA,NA,NA,NA,NA,NA,NA,NA,NA,NA,NA,NA,NA,NA,NA,NA,NA,NA,NA,NA,NA,NA,NA,NA,NA,NA,NA,NA,NA,NA,NA,NA,NA,NA,"latest"
"148",NA,NA,NA,NA,NA,NA,NA,NA,NA,NA,NA,NA,NA,NA,NA,NA,NA,NA,NA,NA,NA,1,0.3334,NA,1,NA,NA,NA,NA,NA,NA,NA,NA,NA,NA,NA,NA,NA,NA,NA,0.8333,1,0.6964,0.6964,NA,NA,NA,NA,NA,1,"latest"
"149",NA,NA,NA,NA,NA,NA,NA,NA,NA,NA,NA,NA,NA,NA,NA,NA,NA,NA,NA,NA,NA,0.8228,0.8241,0.8241,0.8228,0.8241,NA,NA,0,NA,NA,0.8,0.8409,NA,NA,NA,NA,1,NA,0.8,0.8241,0.7153,0.7211,0.7211,NA,0.7692,NA,0.8475,NA,0.7143,"latest"
"150",0.3293,0.3151,0.3151,0.5866,0.5794,0.75,NA,0.6275,NA,0.5294,NA,0.5355,NA,NA,0.3889,0.5488,NA,0.6017,NA,0.5794,0.578,NA,NA,NA,NA,NA,NA,NA,NA,NA,NA,NA,NA,NA,NA,NA,NA,NA,NA,NA,NA,NA,NA,NA,0.5351,NA,0.5486,NA,0.6221,NA,"latest"
"151",0.394,0.4012,0.4012,0.5025,0.5137,NA,NA,0.7377,NA,0.3469,NA,0.5119,NA,1,0.4783,0.2,0.6667,0.5152,NA,0.5137,0.4816,NA,NA,NA,NA,NA,NA,NA,NA,NA,NA,NA,NA,NA,NA,NA,NA,NA,NA,NA,NA,NA,NA,NA,0.4369,NA,0.4263,NA,0.6082,NA,"latest"
"152",NA,NA,NA,NA,NA,NA,NA,NA,NA,NA,NA,NA,NA,NA,NA,NA,NA,NA,NA,NA,NA,0.9231,0.9216,0.9216,0.9231,0.9216,NA,NA,NA,NA,NA,NA,NA,NA,NA,NA,NA,NA,NA,NA,0.9216,0.92,0.8947,0.8947,NA,NA,NA,0.9231,NA,NA,"latest"
"153",NA,NA,NA,NA,NA,NA,NA,NA,NA,NA,NA,NA,NA,NA,NA,NA,NA,NA,NA,NA,NA,0.148,0.129,0.129,0.3401,0.3181,0.2857,NA,0.5532,NA,NA,0.2198,0.3296,NA,0.25,0.4,0.2857,0.4122,NA,0.3764,0.3181,0.3044,0.3322,0.3322,NA,0.3537,NA,0.29,NA,0.4107,"latest"
"154",0.3924,0.3693,0.3693,0.5142,0.4983,0,NA,0.375,NA,0.4767,NA,0.4579,NA,NA,0.5679,0.625,0.4444,0.5336,NA,0.4983,0.4254,NA,NA,NA,NA,NA,NA,NA,NA,NA,NA,NA,NA,NA,NA,NA,NA,NA,NA,NA,NA,NA,NA,NA,0.486,NA,0.4834,NA,0.5591,NA,"latest"
"155",NA,NA,NA,NA,NA,NA,NA,NA,NA,NA,NA,NA,NA,NA,NA,NA,NA,NA,NA,NA,NA,0.3094,0.3369,0.3369,0.6121,0.6091,NA,NA,0.6667,NA,NA,0.6221,0.6818,NA,0,NA,0.5714,0.48,NA,0.7524,0.6091,0.6083,0.6258,0.6258,NA,0.7111,NA,0.625,NA,0.3333,"latest"
"156",NA,NA,NA,NA,NA,NA,NA,NA,NA,NA,NA,NA,NA,NA,NA,NA,NA,NA,NA,NA,NA,0.097,0.5936,0.5936,0.7586,0.866,NA,NA,NA,NA,NA,NA,NA,NA,NA,NA,NA,NA,NA,NA,0.866,0.9412,0.947,0.947,NA,NA,NA,0.8934,NA,0,"latest"
"157",NA,NA,NA,0.3872,0.3886,0,NA,0.4737,NA,0.2964,NA,0.3808,NA,0.5,0.4286,0.2667,0.2222,0.4282,NA,0.3886,NA,NA,NA,NA,NA,NA,NA,NA,NA,NA,NA,NA,NA,NA,NA,NA,NA,NA,NA,NA,NA,NA,NA,NA,0.3171,NA,0.3373,NA,0.4769,NA,"latest"
"158",0.1379,0.1449,0.1449,0.3012,0.2752,NA,NA,1,NA,0.32,NA,0.2813,NA,NA,NA,0.5,0.3333,0.25,NA,0.2752,0.5897,NA,NA,NA,NA,NA,NA,NA,NA,NA,NA,NA,NA,NA,NA,NA,NA,NA,NA,NA,NA,NA,NA,NA,0.2143,NA,0.339,NA,0.2,NA,"latest"
"159",NA,NA,NA,0.3744,0.3525,0.6667,NA,0.5342,NA,0.2617,NA,0.3764,NA,0.4,0.537,0.2923,0.3038,0.4319,NA,0.3525,NA,NA,NA,NA,NA,NA,NA,NA,NA,NA,NA,NA,NA,NA,NA,NA,NA,NA,NA,NA,NA,NA,NA,NA,0.3028,NA,0.3365,NA,0.4403,NA,"latest"
"160",NA,NA,NA,NA,NA,NA,NA,NA,NA,NA,NA,NA,NA,NA,NA,NA,NA,NA,NA,NA,NA,NA,NA,NA,NA,NA,NA,NA,NA,NA,NA,NA,NA,NA,NA,NA,NA,NA,NA,NA,NA,NA,NA,NA,NA,NA,NA,NA,NA,NA,"latest"
"161",NA,NA,NA,NA,NA,NA,NA,NA,NA,NA,NA,NA,NA,NA,NA,NA,NA,NA,NA,NA,NA,0.1579,0.1457,0.1457,0.3399,0.3273,0,NA,0.3333,NA,NA,0.3511,0.3944,NA,0,NA,0.5556,0.3333,NA,0.2778,0.3273,0.3333,0.3789,0.3789,NA,NA,NA,0.398,NA,0.324,"latest"
"162",0.107,0.1905,0.1905,0.4448,0.4633,0.2909,NA,0.3846,NA,0.3777,NA,0.4819,NA,0.1667,NA,0.3205,0.4516,0.4289,NA,0.4633,NA,NA,NA,NA,NA,NA,NA,NA,NA,NA,NA,NA,NA,NA,NA,NA,NA,NA,NA,NA,NA,NA,NA,NA,0.3049,NA,0.5377,NA,0.0309,NA,"latest"
"163",0.2,0.1923,0.1923,0.2692,0.3091,NA,NA,NA,NA,0.4,NA,0.3333,NA,NA,NA,NA,NA,0.2,NA,0.3091,0.2833,NA,NA,NA,NA,NA,NA,NA,NA,NA,NA,NA,NA,NA,NA,NA,NA,NA,NA,NA,NA,NA,NA,NA,0.4,NA,0.3846,NA,0,NA,"latest"
"164",NA,NA,NA,NA,NA,NA,NA,NA,NA,NA,NA,NA,NA,NA,NA,NA,NA,NA,NA,NA,NA,0.2308,0.2549,0.2549,0.8077,0.6667,NA,NA,NA,NA,NA,NA,NA,NA,NA,NA,NA,NA,NA,NA,0.6667,0.52,0.7083,0.7083,NA,1,NA,0.7647,NA,0.8571,"latest"
"165",0.4048,0.3621,0.3621,0.5271,0.4779,0,NA,0.8889,NA,0.4159,NA,0.5962,NA,0,0.5556,0.5333,NA,0.5483,NA,0.4779,0.4231,NA,NA,NA,NA,NA,NA,NA,NA,NA,NA,NA,NA,NA,NA,NA,NA,NA,NA,NA,NA,NA,NA,NA,NA,NA,0.5708,NA,0.4948,NA,"latest"
"166",NA,NA,NA,NA,NA,NA,NA,NA,NA,NA,NA,NA,NA,NA,NA,NA,NA,NA,NA,NA,NA,0.0698,0.0579,0.0579,0.9302,0.8926,NA,NA,NA,NA,NA,NA,NA,NA,NA,NA,NA,NA,NA,NA,0.8926,0.8,0.7973,0.7973,NA,NA,NA,1,NA,0.6842,"latest"
"167",NA,NA,NA,NA,NA,NA,NA,NA,NA,NA,NA,NA,NA,NA,NA,NA,NA,NA,NA,NA,NA,0.8603,0.6089,0.6089,0.8603,0.8039,NA,NA,NA,NA,NA,NA,NA,NA,NA,NA,NA,NA,NA,NA,0.8039,0.7254,0.7017,0.7017,NA,NA,NA,0.86,NA,0.8608,"latest"
"168",NA,NA,NA,0.5253,0.4675,NA,NA,0,NA,0.3667,NA,0.625,NA,NA,0,NA,0.5,0.5766,NA,0.4675,NA,NA,NA,NA,NA,NA,NA,NA,NA,NA,NA,NA,NA,NA,NA,NA,NA,NA,NA,NA,NA,NA,NA,NA,NA,NA,0.5,NA,0.58,NA,"latest"
"169",NA,NA,NA,0.4,0.413,0.25,NA,0.4583,NA,0.2821,NA,0.3824,NA,1,0,0.4706,0.3125,0.4174,NA,0.413,NA,NA,NA,NA,NA,NA,NA,NA,NA,NA,NA,NA,NA,NA,NA,NA,NA,NA,NA,NA,NA,NA,NA,NA,0.1111,NA,0.3727,NA,0.4336,NA,"latest"
"170",NA,NA,NA,0.325,0.3039,0.5,NA,0.4096,NA,0.1614,NA,0.2265,NA,0.25,0.3,0.2459,0.5,0.3614,NA,0.3039,NA,NA,NA,NA,NA,NA,NA,NA,NA,NA,NA,NA,NA,NA,NA,NA,NA,NA,NA,NA,NA,NA,NA,NA,0.3494,NA,0.2768,NA,0.3994,NA,"latest"
"171",NA,NA,NA,NA,NA,NA,NA,NA,NA,NA,NA,NA,NA,NA,NA,NA,NA,NA,NA,NA,NA,0.404,0.4249,0.4249,0.4967,0.4902,NA,NA,NA,NA,NA,NA,NA,NA,NA,NA,NA,NA,NA,NA,0.4902,0.4839,0.471,0.471,NA,NA,NA,0.4579,NA,0.5909,"latest"
"172",NA,NA,NA,NA,NA,NA,NA,NA,NA,NA,NA,NA,NA,NA,NA,NA,NA,NA,NA,NA,NA,0.5556,0.5347,0.5347,0.6017,0.5779,0.7778,NA,0.6316,NA,NA,0.6212,0.5449,NA,0.5,NA,0.6111,NA,NA,0.6161,0.5779,0.5582,0.5533,0.5533,NA,NA,NA,0.5618,NA,0.6166,"latest"
"173",0.6667,0.6216,0.6216,0.6667,0.6757,NA,NA,NA,NA,1,NA,0.5,NA,NA,NA,NA,NA,0.75,NA,0.6757,0.5428,NA,NA,NA,NA,NA,NA,NA,NA,NA,NA,NA,NA,NA,NA,NA,NA,NA,NA,NA,NA,NA,NA,NA,NA,NA,0.5,NA,0.7143,NA,"latest"
"174",0.1553,0.2057,0.2057,0.3194,0.3539,0.25,NA,0,NA,0.2824,NA,0.2963,NA,NA,0.5,0.3333,0,0.3906,NA,0.3539,0.3402,NA,NA,NA,NA,NA,NA,NA,NA,NA,NA,NA,NA,NA,NA,NA,NA,NA,NA,NA,NA,NA,NA,NA,0.3704,NA,0.2774,NA,0.4815,NA,"latest"
"175",NA,NA,NA,0.4164,0.405,0,NA,0.3333,NA,0.1892,NA,0.4301,NA,1,NA,0.2,0.1429,0.4725,NA,0.405,NA,NA,NA,NA,NA,NA,NA,NA,NA,NA,NA,NA,NA,NA,NA,NA,NA,NA,NA,NA,NA,NA,NA,NA,NA,NA,0.3287,NA,0.5841,NA,"latest"
"176",NA,NA,NA,NA,NA,NA,NA,NA,NA,NA,NA,NA,NA,NA,NA,NA,NA,NA,NA,NA,NA,0.064,0.0791,0.0791,0.472,0.5084,NA,NA,0.3636,NA,NA,0.493,0.4211,NA,0.3333,NA,0.6667,NA,NA,0.4902,0.5084,0.6707,0.6194,0.6194,NA,NA,NA,0.6475,NA,0.3047,"latest"
"177",NA,NA,NA,NA,NA,NA,NA,NA,NA,NA,NA,NA,NA,NA,NA,NA,NA,NA,NA,NA,NA,0.1412,0.3004,0.3004,0.4471,0.5494,NA,NA,NA,NA,NA,NA,NA,NA,NA,NA,NA,NA,NA,NA,0.5494,0.7162,0.8125,0.8125,NA,NA,NA,0.5067,NA,0,"latest"
"178",0.4194,0.4643,0.4643,0.5641,0.6028,NA,NA,1,NA,0.4286,NA,NA,NA,NA,1,1,NA,0.5517,NA,0.6028,0.6829,NA,NA,NA,NA,NA,NA,NA,NA,NA,NA,NA,NA,NA,NA,NA,NA,NA,NA,NA,NA,NA,NA,NA,0.375,NA,0.6,NA,0.619,NA,"latest"
"179",NA,NA,NA,NA,NA,NA,NA,NA,NA,NA,NA,NA,NA,NA,NA,NA,NA,NA,NA,NA,NA,NA,NA,NA,NA,NA,NA,NA,NA,NA,NA,NA,NA,NA,NA,NA,NA,NA,NA,NA,NA,NA,NA,NA,NA,NA,NA,NA,NA,NA,"latest"
"180",NA,NA,NA,NA,NA,NA,NA,NA,NA,NA,NA,NA,NA,NA,NA,NA,NA,NA,NA,NA,NA,NA,NA,NA,NA,NA,NA,NA,NA,NA,NA,NA,NA,NA,NA,NA,NA,NA,NA,NA,NA,NA,NA,NA,NA,NA,NA,NA,NA,NA,"latest"
"181",NA,NA,NA,NA,NA,NA,NA,NA,NA,NA,NA,NA,NA,NA,NA,NA,NA,NA,NA,NA,NA,0.5909,0.4063,0.4063,0.6061,0.6686,NA,NA,NA,NA,NA,0.4,0.5729,NA,NA,NA,NA,0.6,NA,0.7692,0.6686,0.707,0.7147,0.7147,NA,NA,NA,0,NA,0.6202,"latest"
"182",NA,NA,NA,NA,NA,NA,NA,NA,NA,NA,NA,NA,NA,NA,NA,NA,NA,NA,NA,NA,NA,0.1429,0.3077,0.3077,0.1429,0.3077,NA,NA,NA,NA,NA,0,0.4,NA,NA,NA,NA,NA,NA,0,0.3077,0.2,0.4,NA,NA,NA,NA,0.1667,NA,0,"latest"
"183",NA,NA,NA,NA,NA,NA,NA,NA,NA,NA,NA,NA,NA,NA,NA,NA,NA,NA,NA,NA,NA,0.68,0.353,0.353,0.68,0.8235,NA,NA,NA,NA,NA,NA,NA,NA,NA,NA,NA,NA,NA,NA,0.8235,0.9615,0.8936,0.8936,NA,0.8,NA,0.6429,NA,0.6667,"latest"
"184",NA,NA,NA,NA,NA,NA,NA,NA,NA,NA,NA,NA,NA,NA,NA,NA,NA,NA,NA,NA,NA,NA,NA,NA,NA,NA,NA,NA,NA,NA,NA,NA,NA,NA,NA,NA,NA,NA,NA,NA,NA,NA,NA,NA,NA,NA,NA,NA,NA,NA,"latest"
"185",NA,NA,NA,NA,NA,NA,NA,NA,NA,NA,NA,NA,NA,NA,NA,NA,NA,NA,NA,NA,NA,1,0.3708,0.3708,1,0.4382,NA,NA,NA,NA,NA,NA,NA,NA,NA,NA,NA,NA,NA,NA,0.4382,1,0.5556,0.5556,NA,NA,NA,NA,NA,1,"latest"
"186",NA,NA,NA,NA,NA,NA,NA,NA,NA,NA,NA,NA,NA,NA,NA,NA,NA,NA,NA,NA,NA,NA,NA,NA,NA,NA,NA,NA,NA,NA,NA,NA,NA,NA,NA,NA,NA,NA,NA,NA,NA,NA,NA,NA,NA,NA,NA,NA,NA,NA,"latest"
"187",NA,NA,NA,NA,NA,NA,NA,NA,NA,NA,NA,NA,NA,NA,NA,NA,NA,NA,NA,NA,NA,0.1778,0.1912,0.1912,0.7556,0.7647,NA,NA,NA,NA,NA,NA,NA,NA,NA,NA,NA,NA,NA,NA,0.7647,0.7826,0.8,0.8,NA,0,NA,0.7907,NA,NA,"latest"
"188",NA,NA,NA,NA,NA,NA,NA,NA,NA,NA,NA,NA,NA,NA,NA,NA,NA,NA,NA,NA,NA,NA,NA,NA,NA,NA,NA,NA,NA,NA,NA,NA,NA,NA,NA,NA,NA,NA,NA,NA,NA,NA,NA,NA,NA,NA,NA,NA,NA,NA,"latest"
"189",NA,NA,NA,NA,NA,NA,NA,NA,NA,NA,NA,NA,NA,NA,NA,NA,NA,NA,NA,NA,NA,NA,NA,NA,NA,NA,NA,NA,NA,NA,NA,NA,NA,NA,NA,NA,NA,NA,NA,NA,NA,NA,NA,NA,NA,NA,NA,NA,NA,NA,"latest"
"190",NA,NA,NA,NA,NA,NA,NA,NA,NA,NA,NA,NA,NA,NA,NA,NA,NA,NA,NA,NA,NA,0.6797,0.6797,0.6797,0.6797,0.6797,NA,NA,0.8,NA,NA,0.7273,0.8182,NA,1,NA,1,0,NA,0.6518,0.6797,NA,NA,NA,NA,0.2174,NA,0.7632,NA,0.75,"latest"
"191",NA,NA,NA,NA,NA,NA,NA,NA,NA,NA,NA,NA,NA,NA,NA,NA,NA,NA,NA,NA,NA,0.6857,0.6667,0.6667,0.6857,0.6667,NA,NA,NA,NA,NA,NA,0.6667,NA,NA,NA,0.75,1,NA,NA,0.6667,0.6087,0.5921,0.5921,NA,0.7857,NA,0.6383,NA,0.7778,"latest"
"192",NA,NA,NA,NA,NA,NA,NA,NA,NA,NA,NA,NA,NA,NA,NA,NA,NA,NA,NA,NA,NA,NA,NA,NA,NA,NA,NA,NA,NA,NA,NA,NA,NA,NA,NA,NA,NA,NA,NA,NA,NA,NA,0.3232,0.3232,NA,NA,NA,NA,NA,NA,"latest"
"193",NA,NA,NA,NA,NA,NA,NA,NA,NA,NA,NA,NA,NA,NA,NA,NA,NA,NA,NA,NA,NA,0.292,0.2068,0.2068,0.4469,0.4529,0,NA,1,NA,NA,0.3857,0.4426,NA,0,NA,0.3333,0.5532,NA,0.4865,0.4529,0.4615,0.477,0.477,NA,0.4545,NA,0.4476,NA,0.4,"latest"
"194",NA,NA,NA,NA,NA,NA,NA,NA,NA,NA,NA,NA,NA,NA,NA,NA,NA,NA,NA,NA,NA,NA,NA,NA,NA,NA,NA,NA,NA,NA,NA,NA,NA,NA,NA,NA,NA,NA,NA,NA,NA,NA,NA,NA,NA,NA,NA,NA,NA,NA,"latest"
"195",NA,NA,NA,NA,NA,NA,NA,NA,NA,NA,NA,NA,NA,NA,NA,NA,NA,NA,NA,NA,NA,NA,NA,NA,NA,NA,NA,NA,NA,NA,NA,NA,NA,NA,NA,NA,NA,NA,NA,NA,NA,NA,NA,NA,NA,NA,NA,NA,NA,NA,"latest"
"196",NA,NA,NA,NA,NA,NA,NA,NA,NA,NA,NA,NA,NA,NA,NA,NA,NA,NA,NA,NA,NA,NA,NA,NA,NA,NA,NA,NA,NA,NA,NA,NA,NA,NA,NA,NA,NA,NA,NA,NA,NA,NA,NA,NA,NA,NA,NA,NA,NA,NA,"latest"
"197",NA,NA,NA,NA,NA,NA,NA,NA,NA,NA,NA,NA,NA,NA,NA,NA,NA,NA,NA,NA,NA,0.9737,0.8721,0.8721,0.9737,0.8721,NA,NA,NA,NA,NA,NA,NA,NA,NA,NA,NA,NA,NA,NA,0.8721,0.7917,0.7917,0.7917,NA,1,NA,0.9722,NA,NA,"latest"
"198",NA,NA,NA,NA,NA,NA,NA,NA,NA,NA,NA,NA,NA,NA,NA,NA,NA,NA,NA,NA,NA,NA,NA,NA,NA,NA,NA,NA,NA,NA,NA,NA,NA,NA,NA,NA,NA,NA,NA,NA,NA,NA,NA,NA,NA,NA,NA,NA,NA,NA,"latest"
"199",NA,NA,NA,NA,NA,NA,NA,NA,NA,NA,NA,NA,NA,NA,NA,NA,NA,NA,NA,NA,NA,NA,NA,NA,NA,NA,NA,NA,NA,NA,NA,NA,NA,NA,NA,NA,NA,NA,NA,NA,NA,NA,NA,NA,NA,NA,NA,NA,NA,NA,"latest"
"200",NA,NA,NA,NA,NA,NA,NA,NA,NA,NA,NA,NA,NA,NA,NA,NA,NA,NA,NA,NA,NA,0.9091,0.9091,NA,0.9091,NA,NA,NA,NA,NA,NA,NA,NA,NA,NA,NA,NA,NA,NA,NA,0.9091,NA,NA,NA,NA,NA,NA,NA,NA,0.9091,"latest"
"201",NA,NA,NA,NA,NA,NA,NA,NA,NA,NA,NA,NA,NA,NA,NA,NA,NA,NA,NA,NA,NA,NA,NA,NA,NA,NA,NA,NA,NA,NA,NA,NA,NA,NA,NA,NA,NA,NA,NA,NA,NA,NA,NA,NA,NA,NA,NA,NA,NA,NA,"latest"
"202",NA,NA,NA,NA,NA,NA,NA,NA,NA,NA,NA,NA,NA,NA,NA,NA,NA,NA,NA,NA,NA,NA,NA,NA,NA,NA,NA,NA,NA,NA,NA,NA,NA,NA,NA,NA,NA,NA,NA,NA,NA,NA,NA,NA,NA,NA,NA,NA,NA,NA,"latest"
"203",NA,NA,NA,NA,NA,NA,NA,NA,NA,NA,NA,NA,NA,NA,NA,NA,NA,NA,NA,NA,NA,NA,NA,NA,NA,NA,NA,NA,NA,NA,NA,NA,NA,NA,NA,NA,NA,NA,NA,NA,NA,NA,NA,NA,NA,NA,NA,NA,NA,NA,"latest"
"204",NA,NA,NA,NA,NA,NA,NA,NA,NA,NA,NA,NA,NA,NA,NA,NA,NA,NA,NA,NA,NA,0.15,0.1111,0.1111,0.8,0.8333,NA,NA,NA,NA,NA,NA,NA,NA,NA,NA,NA,NA,NA,NA,0.8333,0.875,0.8648,0.8648,NA,0.5,NA,1,NA,0,"latest"
"205",NA,NA,NA,NA,NA,NA,NA,NA,NA,NA,NA,NA,NA,NA,NA,NA,NA,NA,NA,NA,NA,NA,NA,NA,NA,NA,NA,NA,NA,NA,NA,NA,NA,NA,NA,NA,NA,NA,NA,NA,NA,NA,NA,NA,NA,NA,NA,NA,NA,NA,"latest"
"206",NA,NA,NA,NA,NA,NA,NA,NA,NA,NA,NA,NA,NA,NA,NA,NA,NA,NA,NA,NA,NA,NA,NA,NA,NA,NA,NA,NA,NA,NA,NA,NA,NA,NA,NA,NA,NA,NA,NA,NA,NA,NA,NA,NA,NA,NA,NA,NA,NA,NA,"latest"
"207",NA,NA,NA,NA,NA,NA,NA,NA,NA,NA,NA,NA,NA,NA,NA,NA,NA,NA,NA,NA,NA,0.386,0.3402,0.3402,0.6018,0.5977,1,NA,1,NA,NA,0.5867,0.5962,NA,1,NA,0.3333,0.8333,NA,0.5714,0.5977,0.5943,0.5909,0.5909,NA,0.4,NA,0.6088,NA,0.4286,"latest"
"208",NA,NA,NA,NA,NA,NA,NA,NA,NA,NA,NA,NA,NA,NA,NA,NA,NA,NA,NA,NA,NA,0.4249,0.3206,0.3206,0.6309,0.6301,0,NA,0.5,NA,NA,0.6281,0.6667,NA,1,NA,0.6667,0.6875,NA,0.4,0.6301,0.6364,0.604,0.604,NA,0.7143,NA,0.6273,NA,0.6667,"latest"
"209",NA,NA,NA,1,1,NA,NA,NA,NA,NA,NA,NA,NA,NA,1,NA,NA,NA,NA,1,NA,NA,NA,NA,NA,NA,NA,NA,NA,NA,NA,NA,NA,NA,NA,NA,NA,NA,NA,NA,NA,NA,NA,NA,NA,NA,NA,NA,1,NA,"latest"
"210",NA,NA,NA,NA,NA,NA,NA,NA,NA,NA,NA,NA,NA,NA,NA,NA,NA,NA,NA,NA,NA,NA,NA,NA,NA,NA,NA,NA,NA,NA,NA,NA,NA,NA,NA,NA,NA,NA,NA,NA,NA,NA,NA,NA,NA,NA,NA,NA,NA,NA,"latest"
"211",NA,NA,NA,NA,NA,NA,NA,NA,NA,NA,NA,NA,NA,NA,NA,NA,NA,NA,NA,NA,NA,NA,NA,NA,NA,NA,NA,NA,NA,NA,NA,NA,NA,NA,NA,NA,NA,NA,NA,NA,NA,NA,NA,NA,NA,NA,NA,NA,NA,NA,"latest"
"212",NA,NA,NA,NA,NA,NA,NA,NA,NA,NA,NA,NA,NA,NA,NA,NA,NA,NA,NA,NA,NA,0.8235,0.7273,0.7273,0.8235,0.7273,NA,NA,NA,NA,NA,NA,NA,NA,NA,NA,NA,NA,NA,NA,0.7273,1,0.8182,0.8182,NA,1,NA,1,NA,0,"latest"
"213",NA,NA,NA,NA,NA,NA,NA,NA,NA,NA,NA,NA,NA,NA,NA,NA,NA,NA,NA,NA,NA,0.7761,0.659,0.659,0.8507,0.8208,NA,NA,NA,NA,NA,NA,NA,NA,NA,NA,NA,NA,NA,NA,0.8208,0.8684,0.8734,0.8734,NA,NA,NA,0.8462,NA,1,"latest"
"214",NA,NA,NA,NA,NA,NA,NA,NA,NA,NA,NA,NA,NA,NA,NA,NA,NA,NA,NA,NA,NA,0.4966,0.3241,0.3241,0.6993,0.7673,NA,NA,NA,NA,NA,NA,NA,NA,NA,NA,NA,NA,NA,NA,0.7673,0.8463,0.7973,0.7973,NA,0.8182,NA,0.9523,NA,0.1098,"latest"
"215",0,0.25,NA,0,NA,NA,NA,NA,NA,NA,NA,0,NA,NA,NA,NA,NA,NA,NA,0.25,NA,NA,NA,NA,NA,NA,NA,NA,NA,NA,NA,NA,NA,NA,NA,NA,NA,NA,NA,NA,NA,NA,NA,NA,NA,NA,0,NA,NA,NA,"latest"
"216",NA,NA,NA,NA,NA,NA,NA,NA,NA,NA,NA,NA,NA,NA,NA,NA,NA,NA,NA,NA,NA,NA,NA,NA,NA,NA,NA,NA,NA,NA,NA,NA,NA,NA,NA,NA,NA,NA,NA,NA,NA,NA,NA,NA,NA,NA,NA,NA,NA,NA,"latest"
"217",NA,NA,NA,NA,NA,NA,NA,NA,NA,NA,NA,NA,NA,NA,NA,NA,NA,NA,NA,NA,NA,0.3659,0.3378,0.3378,0.7439,0.7644,0,NA,NA,NA,NA,0.5,0.8103,NA,NA,NA,1,NA,NA,0.625,0.7644,0.7902,0.7698,0.7698,NA,NA,NA,0.9444,NA,0.3571,"latest"
"218",NA,NA,NA,NA,NA,NA,NA,NA,NA,NA,NA,NA,NA,NA,NA,NA,NA,NA,NA,NA,NA,0.625,0.641,0.641,0.625,0.641,NA,NA,1,NA,NA,1,0.3333,NA,NA,NA,NA,1,NA,0.5,0.641,0.6522,0.6981,0.6981,NA,1,NA,0.5714,NA,1,"latest"
"219",NA,NA,NA,NA,NA,NA,NA,NA,NA,NA,NA,NA,NA,NA,NA,NA,NA,NA,NA,NA,NA,0.5833,0.4667,0.4667,0.75,0.8,NA,NA,NA,NA,NA,NA,NA,NA,NA,NA,NA,NA,NA,NA,0.8,1,0.82,0.82,NA,NA,NA,0.6667,NA,1,"latest"
"220",NA,NA,NA,NA,NA,NA,NA,NA,NA,NA,NA,NA,NA,NA,NA,NA,NA,NA,NA,NA,NA,0.9707,0.9521,0.9521,0.9833,0.976,NA,NA,NA,NA,NA,NA,NA,NA,NA,NA,NA,NA,NA,NA,0.976,0.9434,0.9732,0.9732,NA,1,NA,0.9688,NA,NA,"latest"
"221",NA,NA,NA,NA,NA,NA,NA,NA,NA,NA,NA,NA,NA,NA,NA,NA,NA,NA,NA,NA,NA,0.6875,0.6549,0.6549,0.6875,0.6549,NA,NA,NA,NA,NA,0.4444,0.74,NA,NA,NA,0,NA,NA,0.75,0.6549,0.6282,0.617,0.617,NA,0.5,NA,0.6935,NA,NA,"latest"
"222",NA,NA,NA,NA,NA,NA,NA,NA,NA,NA,NA,NA,NA,NA,NA,NA,NA,NA,NA,NA,NA,NA,NA,NA,NA,NA,NA,NA,NA,NA,NA,NA,NA,NA,NA,NA,NA,NA,NA,NA,NA,NA,NA,NA,NA,NA,NA,NA,NA,NA,"latest"
"223",NA,NA,NA,NA,NA,NA,NA,NA,NA,NA,NA,NA,NA,NA,NA,NA,NA,NA,NA,NA,NA,0.8571,0.875,0.875,0.8571,0.875,NA,NA,NA,NA,NA,0.5,1,NA,NA,NA,NA,NA,NA,0.9,0.875,0.8889,0.7755,0.7755,NA,1,NA,0.8182,NA,1,"latest"
"224",NA,NA,NA,NA,NA,NA,NA,NA,NA,NA,NA,NA,NA,NA,NA,NA,NA,NA,NA,NA,NA,0.3846,0.5877,0.5877,0.7212,0.7412,NA,NA,NA,NA,NA,NA,NA,NA,NA,NA,NA,NA,NA,NA,0.7412,0.7581,0.7714,0.7714,NA,0.4412,NA,0.8571,NA,NA,"latest"
"225",NA,NA,NA,NA,NA,NA,NA,NA,NA,NA,NA,NA,NA,NA,NA,NA,NA,NA,NA,NA,NA,0.6875,0.3243,0.3243,0.8125,0.7297,NA,NA,NA,NA,NA,NA,NA,NA,NA,NA,NA,NA,NA,NA,0.7297,0.7143,0.3729,0.3729,NA,0.5,NA,0.8571,NA,NA,"latest"
"226",NA,NA,NA,NA,NA,NA,NA,NA,NA,NA,NA,NA,NA,NA,NA,NA,NA,NA,NA,NA,NA,0.7907,0.7907,0.7907,0.7907,0.7907,NA,NA,NA,NA,NA,NA,NA,NA,NA,NA,NA,NA,NA,NA,0.7907,NA,0.7429,0.7429,NA,NA,NA,0.7778,NA,0.8125,"latest"
"227",NA,NA,NA,NA,NA,NA,NA,NA,NA,NA,NA,NA,NA,NA,NA,NA,NA,NA,NA,NA,NA,0.4,0.2807,0.2807,0.6667,0.3509,NA,NA,0.6667,NA,NA,NA,0.5,NA,NA,0.5714,NA,NA,NA,1,0.3509,0.3095,0.383,0.383,NA,0,NA,0,NA,1,"latest"
"228",NA,NA,NA,NA,NA,NA,NA,NA,NA,NA,NA,NA,NA,NA,NA,NA,NA,NA,NA,NA,NA,0.1374,0.4858,0.4858,0.9733,0.926,NA,NA,NA,NA,NA,NA,NA,NA,NA,NA,NA,NA,NA,NA,0.926,0.8792,0.8785,0.8785,NA,NA,NA,1,NA,0.8444,"latest"
"229",NA,NA,NA,NA,NA,NA,NA,NA,NA,NA,NA,NA,NA,NA,NA,NA,NA,NA,NA,NA,NA,0.2817,0.3368,0.3368,0.493,0.5333,0.5,NA,0.6667,NA,NA,0.3191,0.6452,NA,NA,NA,0.5,NA,NA,0.5472,0.5333,0.5734,0.5587,0.5587,NA,0.5714,NA,0.5,NA,0.2857,"latest"
"230",NA,NA,NA,NA,NA,NA,NA,NA,NA,NA,NA,NA,NA,NA,NA,NA,NA,NA,NA,NA,NA,0.5,0.5246,0.5246,0.5238,0.5574,NA,NA,NA,NA,NA,0,0.4,NA,NA,NA,NA,0.5625,NA,0.55,0.5574,0.6316,0.6136,0.6136,NA,NA,NA,0.6471,NA,0,"latest"
"231",NA,NA,NA,0.6923,0.6923,NA,NA,1,NA,0.75,NA,0.4,NA,1,NA,1,0.8333,0.6957,NA,0.6923,NA,NA,NA,NA,NA,NA,NA,NA,NA,NA,NA,NA,NA,NA,NA,NA,NA,NA,NA,NA,NA,NA,NA,NA,1,NA,0.7465,NA,0,NA,"latest"
"232",NA,NA,NA,NA,NA,NA,NA,NA,NA,NA,NA,NA,NA,NA,NA,NA,NA,NA,NA,NA,NA,NA,NA,NA,NA,NA,NA,NA,NA,NA,NA,NA,NA,NA,NA,NA,NA,NA,NA,NA,NA,NA,NA,NA,NA,NA,NA,NA,NA,NA,"latest"
"233",NA,NA,NA,NA,NA,NA,NA,NA,NA,NA,NA,NA,NA,NA,NA,NA,NA,NA,NA,NA,NA,NA,NA,NA,NA,NA,NA,NA,NA,NA,NA,NA,NA,NA,NA,NA,NA,NA,NA,NA,NA,NA,NA,NA,NA,NA,NA,NA,NA,NA,"latest"
"234",NA,NA,NA,NA,NA,NA,NA,NA,NA,NA,NA,NA,NA,NA,NA,NA,NA,NA,NA,NA,NA,NA,NA,NA,NA,NA,NA,NA,NA,NA,NA,NA,NA,NA,NA,NA,NA,NA,NA,NA,NA,NA,NA,NA,NA,NA,NA,NA,NA,NA,"latest"
"235",NA,NA,NA,NA,NA,NA,NA,NA,NA,NA,NA,NA,NA,NA,NA,NA,NA,NA,NA,NA,NA,NA,NA,NA,NA,NA,NA,NA,NA,NA,NA,NA,NA,NA,NA,NA,NA,NA,NA,NA,NA,NA,NA,NA,NA,NA,NA,NA,NA,NA,"latest"
"236",NA,NA,NA,NA,NA,NA,NA,NA,NA,NA,NA,NA,NA,NA,NA,NA,NA,NA,NA,NA,NA,NA,NA,NA,NA,NA,NA,NA,NA,NA,NA,NA,NA,NA,NA,NA,NA,NA,NA,NA,NA,NA,NA,NA,NA,NA,NA,NA,NA,NA,"latest"
"237",NA,NA,NA,NA,NA,NA,NA,NA,NA,NA,NA,NA,NA,NA,NA,NA,NA,NA,NA,NA,NA,0,0.4133,0.4133,0.8571,0.5733,NA,NA,NA,NA,NA,NA,0.8571,NA,NA,NA,NA,NA,NA,NA,0.5733,0.5082,0.5435,0.5435,NA,NA,NA,0.8571,NA,NA,"latest"
"238",NA,NA,NA,NA,NA,NA,NA,NA,NA,NA,NA,NA,NA,NA,NA,NA,NA,NA,NA,NA,NA,0.4595,0.5366,0.5366,0.7568,0.7317,NA,NA,NA,NA,NA,NA,NA,NA,NA,NA,NA,NA,NA,NA,0.7317,0.7111,0.7547,0.7547,NA,NA,NA,0.7353,NA,1,"latest"
"239",NA,NA,NA,NA,NA,NA,NA,NA,NA,NA,NA,NA,NA,NA,NA,NA,NA,NA,NA,NA,NA,NA,NA,NA,NA,NA,NA,NA,NA,NA,NA,NA,NA,NA,NA,NA,NA,NA,NA,NA,NA,NA,NA,NA,NA,NA,NA,NA,NA,NA,"latest"
"240",NA,NA,NA,NA,NA,NA,NA,NA,NA,NA,NA,NA,NA,NA,NA,NA,NA,NA,NA,NA,NA,0.0857,0.0794,0.0794,0.4571,0.4286,NA,NA,NA,NA,NA,NA,NA,NA,NA,NA,NA,NA,NA,NA,0.4286,0.3929,0.325,0.325,NA,NA,NA,0.4286,NA,0.4643,"latest"
"241",NA,NA,NA,NA,NA,NA,NA,NA,NA,NA,NA,NA,NA,NA,NA,NA,NA,NA,NA,NA,NA,0.4176,0.3077,0.3077,0.6374,0.6419,0.5379,NA,0.5813,NA,NA,0.6227,0.5825,NA,0.6667,0,0.5765,0.6768,NA,0.6746,0.6419,0.6648,0.6776,0.6776,NA,NA,NA,0.7073,NA,0.0361,"latest"
"242",NA,NA,NA,NA,NA,NA,NA,NA,NA,NA,NA,NA,NA,NA,NA,NA,NA,NA,NA,NA,NA,0.4762,0.4051,0.4051,0.5159,0.5148,NA,NA,NA,NA,NA,NA,NA,NA,NA,NA,NA,NA,NA,NA,0.5148,0.5135,0.5177,0.5177,NA,0.4,NA,0.5172,NA,0.6,"latest"
"243",NA,NA,NA,NA,NA,NA,NA,NA,NA,NA,NA,NA,NA,NA,NA,NA,NA,NA,NA,NA,NA,NA,NA,NA,NA,NA,NA,NA,NA,NA,NA,NA,NA,NA,NA,NA,NA,NA,NA,NA,NA,NA,NA,NA,NA,NA,NA,NA,NA,NA,"latest"
"244",NA,NA,NA,NA,NA,NA,NA,NA,NA,NA,NA,NA,NA,NA,NA,NA,NA,NA,NA,NA,NA,0.5769,0.4255,0.4255,0.9615,0.9575,NA,NA,NA,NA,NA,NA,NA,NA,NA,NA,NA,NA,NA,NA,0.9575,0.9524,0.9574,0.9574,NA,1,NA,1,NA,0.3333,"latest"
"245",0.0994,0.1138,0.1138,0.1864,0.2145,0.5,NA,0.0769,NA,0.0714,NA,0.0833,NA,0.25,0.1538,0.1321,0.1727,0.2278,NA,0.2145,0.3009,NA,NA,NA,NA,NA,NA,NA,NA,NA,NA,NA,NA,NA,NA,NA,NA,NA,NA,NA,NA,NA,NA,NA,0.0625,NA,0.1384,NA,0.2081,NA,"latest"
"246",NA,NA,NA,NA,NA,NA,NA,NA,NA,NA,NA,NA,NA,NA,NA,NA,NA,NA,NA,NA,NA,0.6964,0.7008,0.7008,0.6964,0.7008,NA,NA,NA,NA,NA,NA,NA,NA,NA,NA,NA,NA,NA,NA,0.7008,0.7049,0.7705,0.7705,NA,NA,NA,0.56,NA,0.8065,"latest"
"247",1,0.3171,0.3171,1,0.561,NA,NA,NA,NA,NA,NA,1,NA,NA,NA,NA,NA,1,NA,0.561,0.3125,NA,NA,NA,NA,NA,NA,NA,NA,NA,NA,NA,NA,NA,NA,NA,NA,NA,NA,NA,NA,NA,NA,NA,NA,NA,1,NA,NA,NA,"latest"
"248",NA,NA,NA,NA,NA,NA,NA,NA,NA,NA,NA,NA,NA,NA,NA,NA,NA,NA,NA,NA,NA,0.5013,0.5766,0.5766,0.752,0.869,1,NA,0.8333,NA,NA,0.7174,0.7708,NA,1,NA,NA,0,NA,0.7412,0.869,1,0.8574,0.8574,NA,NA,NA,1,NA,0.4831,"latest"
"249",0.3556,0.2952,0.2952,0.6222,0.5334,NA,NA,NA,NA,NA,NA,NA,NA,NA,NA,0.4,0,0.6667,NA,0.5334,0.5,NA,NA,NA,NA,NA,NA,NA,NA,NA,NA,NA,NA,NA,NA,NA,NA,NA,NA,NA,NA,NA,NA,NA,0.75,NA,0.4815,NA,0.8571,NA,"latest"
"250",0.1579,0.2105,0.2105,0.2368,0.2561,0,NA,1,NA,0.2222,NA,0.4,NA,NA,NA,NA,0,0.1667,NA,0.2561,0.125,NA,NA,NA,NA,NA,NA,NA,NA,NA,NA,NA,NA,NA,NA,NA,NA,NA,NA,NA,NA,NA,NA,NA,0.2,NA,0.2692,NA,0.1429,NA,"latest"
"251",0.6269,0.6291,0.6291,0.6799,0.6874,0.5,NA,0.6667,NA,0.5882,NA,0.5778,NA,0,0.6667,0.6111,1,0.6995,NA,0.6874,0.6613,NA,NA,NA,NA,NA,NA,NA,NA,NA,NA,NA,NA,NA,NA,NA,NA,NA,NA,NA,NA,NA,NA,NA,0.6879,NA,0.567,NA,0.7171,NA,"latest"
"252",NA,NA,NA,0.3195,0.3345,0.125,NA,0.3478,NA,0.2698,NA,0.3265,NA,0.6,0.4,0.2813,0.2222,0.3333,NA,0.3345,NA,NA,NA,NA,NA,NA,NA,NA,NA,NA,NA,NA,NA,NA,NA,NA,NA,NA,NA,NA,NA,NA,NA,NA,0.3169,NA,0.302,NA,0.3531,NA,"latest"
"253",NA,NA,NA,0.378,0.3628,0.0909,NA,0.541,NA,0.2763,NA,0.3907,NA,0,0.125,0.3455,0.4304,0.4153,NA,0.3628,NA,NA,NA,NA,NA,NA,NA,NA,NA,NA,NA,NA,NA,NA,NA,NA,NA,NA,NA,NA,NA,NA,NA,NA,0.4444,NA,0.3108,NA,0.448,NA,"latest"
"254",0.1403,0.1339,0.1339,0.3408,0.3531,NA,NA,0.5,NA,0.3413,NA,0.2222,NA,NA,0,0,0.4483,0.3333,NA,0.3531,0.3411,NA,NA,NA,NA,NA,NA,NA,NA,NA,NA,NA,NA,NA,NA,NA,NA,NA,NA,NA,NA,NA,NA,NA,0.3222,NA,0.3338,NA,0.4894,NA,"latest"
"255",NA,NA,NA,NA,NA,NA,NA,NA,NA,NA,NA,NA,NA,NA,NA,NA,NA,NA,NA,NA,NA,NA,NA,NA,NA,NA,NA,NA,NA,NA,NA,NA,NA,NA,NA,NA,NA,NA,NA,NA,NA,NA,NA,NA,NA,NA,NA,NA,NA,NA,"latest"
"256",0.0755,0.0707,0.0707,0.2182,0.2416,0,NA,1,NA,0.125,NA,0.2361,NA,NA,NA,1,0,0.2182,NA,0.2416,0.2533,NA,NA,NA,NA,NA,NA,NA,NA,NA,NA,NA,NA,NA,NA,NA,NA,NA,NA,NA,NA,NA,NA,NA,0.0909,NA,0.2385,NA,0.2308,NA,"latest"
"257",NA,NA,NA,0.381,0.3283,1,NA,NA,NA,0.25,NA,1,NA,NA,NA,NA,NA,0.3636,NA,0.3283,NA,NA,NA,NA,NA,NA,NA,NA,NA,NA,NA,NA,NA,NA,NA,NA,NA,NA,NA,NA,NA,NA,NA,NA,NA,NA,0.381,NA,NA,NA,"latest"
"258",NA,NA,NA,NA,NA,NA,NA,NA,NA,NA,NA,NA,NA,NA,NA,NA,NA,NA,NA,NA,NA,NA,NA,NA,NA,NA,NA,NA,NA,NA,NA,NA,NA,NA,NA,NA,NA,NA,NA,NA,NA,NA,NA,NA,NA,NA,NA,NA,NA,NA,"latest"
"259",0.678,0.6629,0.6629,0.597,0.6047,1,NA,0,NA,0.7,NA,0.5906,NA,NA,NA,NA,NA,1,NA,0.6047,0.6191,NA,NA,NA,NA,NA,NA,NA,NA,NA,NA,NA,NA,NA,NA,NA,NA,NA,NA,NA,NA,NA,NA,NA,0,NA,0.6531,NA,0,NA,"latest"
"260",NA,NA,NA,NA,NA,NA,NA,NA,NA,NA,NA,NA,NA,NA,NA,NA,NA,NA,NA,NA,NA,0.15,0.2292,0.2292,0.25,0.2708,0,NA,NA,NA,NA,0.25,0.25,NA,NA,NA,NA,NA,NA,0.3333,0.2708,0.2857,0.2075,0.2075,NA,NA,NA,0.2941,NA,0,"latest"
"261",NA,NA,NA,NA,NA,NA,NA,NA,NA,NA,NA,NA,NA,NA,NA,NA,NA,NA,NA,NA,NA,1,1,NA,1,NA,NA,NA,NA,NA,NA,NA,NA,NA,NA,NA,NA,NA,NA,NA,1,1,1,NA,NA,NA,NA,1,NA,NA,"latest"
"262",NA,NA,NA,NA,NA,NA,NA,NA,NA,NA,NA,NA,NA,NA,NA,NA,NA,NA,NA,NA,NA,0.6384,0.5802,0.5802,0.6384,0.6327,NA,NA,0.875,NA,NA,0.4151,0.7638,NA,1,NA,0.6,NA,NA,0.5825,0.6327,0.6278,0.6494,0.6494,NA,0.4684,NA,0.8188,NA,NA,"latest"
"263",NA,NA,NA,0.3662,0.3688,0,NA,0.5,NA,0.2254,NA,0.3304,NA,NA,0.6333,NA,0.3516,0.3886,NA,0.3688,NA,NA,NA,NA,NA,NA,NA,NA,NA,NA,NA,NA,NA,NA,NA,NA,NA,NA,NA,NA,NA,NA,NA,NA,0.371,NA,0.3125,NA,0.4672,NA,"latest"
"264",NA,NA,NA,0.4801,0.4875,0.6667,NA,1,NA,0.3784,NA,0.2143,NA,0,NA,0.375,NA,0.5221,NA,0.4875,NA,NA,NA,NA,NA,NA,NA,NA,NA,NA,NA,NA,NA,NA,NA,NA,NA,NA,NA,NA,NA,NA,NA,NA,NA,NA,0.3897,NA,0.5924,NA,"latest"
"265",NA,NA,NA,NA,NA,NA,NA,NA,NA,NA,NA,NA,NA,NA,NA,NA,NA,NA,NA,NA,NA,0.5015,0.4856,0.4856,0.5943,0.584,0.8,NA,0.6522,NA,NA,0.5847,0.6146,NA,0,NA,0.5263,NA,NA,0.6,0.584,0.5767,0.5781,0.5781,NA,NA,NA,0.6525,NA,0.5696,"latest"
"266",0.1929,0.1698,0.1698,0.3633,0.3559,0.2,NA,0.4545,NA,0.2866,NA,0.3966,NA,0.5,0.5,NA,0.3333,0.4521,NA,0.3559,0.3339,NA,NA,NA,NA,NA,NA,NA,NA,NA,NA,NA,NA,NA,NA,NA,NA,NA,NA,NA,NA,NA,NA,NA,0.3737,NA,0.3282,NA,0.4586,NA,"latest"
"267",0.4818,0.464,0.464,0.5472,0.5299,0.5,NA,0.4,NA,0.5333,NA,0.5833,NA,NA,0.6452,1,0.5882,0.4899,NA,0.5299,0.4548,NA,NA,NA,NA,NA,NA,NA,NA,NA,NA,NA,NA,NA,NA,NA,NA,NA,NA,NA,NA,NA,NA,NA,0.4906,NA,0.5128,NA,0.5674,NA,"latest"
"268",0.4372,0.435,0.435,0.5566,0.5536,0.3333,NA,0.6667,NA,0.5185,NA,0.6429,NA,1,0.7273,0.625,0.7037,0.5289,NA,0.5536,0.608,NA,NA,NA,NA,NA,NA,NA,NA,NA,NA,NA,NA,NA,NA,NA,NA,NA,NA,NA,NA,NA,NA,NA,0.6135,NA,0.5423,NA,0.5338,NA,"latest"
"269",NA,NA,NA,NA,NA,NA,NA,NA,NA,NA,NA,NA,NA,NA,NA,NA,NA,NA,NA,NA,NA,0.7087,0.6243,0.6243,0.7087,0.6243,0.5714,NA,0.5,NA,NA,0.4531,0.5233,NA,0.4,NA,NA,NA,NA,0.8517,0.6243,0.5415,0.6153,0.6153,NA,0.6831,NA,0.7619,NA,NA,"latest"
"270",NA,NA,NA,NA,NA,NA,NA,NA,NA,NA,NA,NA,NA,NA,NA,NA,NA,NA,NA,NA,NA,0.2451,0.274,0.274,0.6748,0.6644,0.2,NA,0.8,NA,NA,0.6398,0.7969,NA,0.5,NA,0.5,0.4762,NA,0.84,0.6644,0.6703,0.6597,0.6597,NA,0.8182,NA,0.6686,NA,0.4,"latest"
"271",NA,NA,NA,NA,NA,NA,NA,NA,NA,NA,NA,NA,NA,NA,NA,NA,NA,NA,NA,NA,NA,0.7288,0.7557,0.7557,0.8136,0.8168,NA,NA,NA,NA,NA,NA,NA,NA,NA,NA,NA,NA,NA,NA,0.8168,0.8194,0.8301,0.8301,NA,0.8571,NA,0.9063,NA,0.5385,"latest"
"272",NA,NA,NA,NA,NA,NA,NA,NA,NA,NA,NA,NA,NA,NA,NA,NA,NA,NA,NA,NA,NA,0.0279,0.0206,0.0206,0.0279,0.0386,NA,NA,0.6667,NA,NA,0.0185,0.0132,NA,NA,NA,0,NA,NA,0.0222,0.0386,0.0673,0.1411,0.1411,NA,NA,NA,0,NA,0.0397,"latest"
"273",NA,NA,NA,NA,NA,NA,NA,NA,NA,NA,NA,NA,NA,NA,NA,NA,NA,NA,NA,NA,NA,0.3226,0.3268,0.3268,0.5161,0.5948,NA,NA,NA,NA,NA,NA,NA,NA,NA,NA,NA,NA,NA,NA,0.5948,0.6484,0.613,0.613,NA,0,NA,0.5714,NA,0.3333,"latest"
"274",0.2915,0.2565,0.2565,0.3662,0.3164,0,NA,1,NA,0.25,NA,0.3936,NA,NA,0.6757,0,0.2627,0.36,NA,0.3164,0.3106,NA,NA,NA,NA,NA,NA,NA,NA,NA,NA,NA,NA,NA,NA,NA,NA,NA,NA,NA,NA,NA,NA,NA,0.4889,NA,0.2414,NA,0.5,NA,"latest"
"275",0.2814,0.2744,0.2744,0.5781,0.5721,0.75,NA,0.6846,NA,0.5098,NA,0.6006,NA,0.1667,0.7077,0.5595,0.4857,0.4836,NA,0.5721,0.6237,NA,NA,NA,NA,NA,NA,NA,NA,NA,NA,NA,NA,NA,NA,NA,NA,NA,NA,NA,NA,NA,NA,NA,0.4817,NA,0.5816,NA,0.5936,NA,"latest"
"276",NA,NA,NA,NA,NA,NA,NA,NA,NA,NA,NA,NA,NA,NA,NA,NA,NA,NA,NA,NA,NA,0.4324,0.4949,0.4949,0.5622,0.6422,NA,NA,NA,NA,NA,NA,NA,NA,NA,NA,NA,NA,NA,NA,0.6422,0.6791,0.5903,0.5903,NA,NA,NA,0.5273,NA,0.6133,"latest"
"277",NA,NA,NA,NA,NA,NA,NA,NA,NA,NA,NA,NA,NA,NA,NA,NA,NA,NA,NA,NA,NA,0.6798,0.4737,0.4737,0.71,0.7493,NA,NA,NA,NA,NA,NA,NA,NA,NA,NA,NA,NA,NA,NA,0.7493,0.8036,0.7533,0.7533,NA,0.5,NA,0.9545,NA,0.5022,"latest"
"278",0.5225,0.4839,0.4839,0.6481,0.6171,0.6667,NA,0.8333,NA,0.508,NA,0.656,NA,NA,0.6,0.5217,0.5357,0.7103,NA,0.6171,0.686,NA,NA,NA,NA,NA,NA,NA,NA,NA,NA,NA,NA,NA,NA,NA,NA,NA,NA,NA,NA,NA,NA,NA,0.732,NA,0.6458,NA,0.5473,NA,"latest"
"279",NA,NA,NA,NA,NA,NA,NA,NA,NA,NA,NA,NA,NA,NA,NA,NA,NA,NA,NA,NA,NA,0.3067,0.25,0.25,0.6196,0.6286,NA,NA,NA,NA,NA,0.4706,0.6694,NA,NA,NA,0.5,0.5833,NA,0.3333,0.6286,0.6496,0.5856,0.5856,NA,0.9167,NA,0.5946,NA,0.6667,"latest"
"280",NA,NA,NA,NA,NA,NA,NA,NA,NA,NA,NA,NA,NA,NA,NA,NA,NA,NA,NA,NA,NA,NA,NA,NA,NA,NA,NA,NA,NA,NA,NA,NA,NA,NA,NA,NA,NA,NA,NA,NA,NA,NA,NA,NA,NA,NA,NA,NA,NA,NA,"latest"
"281",0.6602,0.6425,0.6425,0.8288,0.8148,0.7143,NA,0.8595,NA,0.8186,NA,0.8263,NA,0.6667,0.7586,0.7514,0.7308,0.8352,NA,0.8148,0.8074,NA,NA,NA,NA,NA,NA,NA,NA,NA,NA,NA,NA,NA,NA,NA,NA,NA,NA,NA,NA,NA,NA,NA,0.8742,NA,0.7849,NA,0.84,NA,"latest"
"282",0.305,0.2783,0.2783,0.3073,0.2826,0.2826,NA,0.6133,NA,0.1558,NA,0.4099,NA,0.2667,0.8864,0.2952,0.3564,0.3781,NA,0.2826,0.31,NA,NA,NA,NA,NA,NA,NA,NA,NA,NA,NA,NA,NA,NA,NA,NA,NA,NA,NA,NA,NA,NA,NA,0.5296,NA,0.2536,NA,0.4964,NA,"latest"
"283",NA,NA,NA,0.3787,0.3556,0.1429,NA,0.4444,NA,0.2039,NA,0.3333,NA,NA,0.3125,0.303,0.4318,0.4123,NA,0.3556,NA,NA,NA,NA,NA,NA,NA,NA,NA,NA,NA,NA,NA,NA,NA,NA,NA,NA,NA,NA,NA,NA,NA,NA,NA,NA,0.3117,NA,0.4738,NA,"latest"
"284",NA,NA,NA,NA,NA,NA,NA,NA,NA,NA,NA,NA,NA,NA,NA,NA,NA,NA,NA,NA,NA,0.25,0.065,0.065,0.25,0.2402,NA,NA,NA,NA,NA,0.1429,0.275,NA,0,NA,0,NA,NA,0.4,0.2402,0.2383,0.2687,0.2687,NA,NA,NA,0.2449,NA,0.2857,"latest"
"285",0.5455,0.4375,0.4375,0.5455,0.4375,NA,NA,NA,NA,NA,NA,0.5,NA,NA,0.5,NA,NA,0.5714,NA,0.4375,NA,NA,NA,NA,NA,NA,NA,NA,NA,NA,NA,NA,NA,NA,NA,NA,NA,NA,NA,NA,NA,NA,NA,NA,NA,NA,0.6,NA,0.5,NA,"latest"
"286",NA,NA,NA,NA,NA,NA,NA,NA,NA,NA,NA,NA,NA,NA,NA,NA,NA,NA,NA,NA,NA,NA,NA,NA,NA,NA,NA,NA,NA,NA,NA,NA,NA,NA,NA,NA,NA,NA,NA,NA,NA,0.5,0.5,NA,NA,NA,NA,NA,NA,NA,"latest"
"287",0.5023,0.4948,0.4948,0.6015,0.5991,NA,NA,0.7727,NA,0.5231,NA,0.5959,NA,1,0.6404,0.4545,0.6296,0.599,NA,0.5991,0.5755,NA,NA,NA,NA,NA,NA,NA,NA,NA,NA,NA,NA,NA,NA,NA,NA,NA,NA,NA,NA,NA,NA,NA,0.5775,NA,0.5563,NA,0.6318,NA,"latest"
"288",0.5515,0.5332,0.5332,0.7344,0.7224,0.6667,NA,0.8069,NA,0.731,NA,0.7468,NA,0.4286,0.8132,0.6343,0.7917,0.727,NA,0.7224,0.7157,NA,NA,NA,NA,NA,NA,NA,NA,NA,NA,NA,NA,NA,NA,NA,NA,NA,NA,NA,NA,NA,NA,NA,0.7042,NA,0.7247,NA,0.76,NA,"latest"
"289",0.22,0.2179,0.2179,0.4338,0.4367,0.25,NA,0.6038,NA,0.3682,NA,0.3957,NA,0.4,0.6,0.3529,0.3333,0.4521,NA,0.4367,0.5118,NA,NA,NA,NA,NA,NA,NA,NA,NA,NA,NA,NA,NA,NA,NA,NA,NA,NA,NA,NA,NA,NA,NA,0.3846,NA,0.3648,NA,0.5202,NA,"latest"
"290",NA,NA,NA,NA,NA,NA,NA,NA,NA,NA,NA,NA,NA,NA,NA,NA,NA,NA,NA,NA,NA,0.3416,0.3286,0.3286,0.6522,0.7009,NA,NA,NA,NA,NA,NA,NA,NA,NA,NA,NA,NA,NA,NA,0.7009,0.7531,0.7318,0.7318,NA,0.7,NA,0.7,NA,0,"latest"
"291",0.5007,0.4687,0.4687,0.5976,0.6003,1,NA,0.9167,NA,0.56,NA,0.5102,NA,0,0.5476,0.64,0.6136,0.6222,NA,0.6003,0.5901,NA,NA,NA,NA,NA,NA,NA,NA,NA,NA,NA,NA,NA,NA,NA,NA,NA,NA,NA,NA,NA,NA,NA,0.6053,NA,0.5128,NA,0.6265,NA,"latest"
"292",NA,NA,NA,0.3466,0.3282,0.25,NA,0.5634,NA,0.2678,NA,0.3543,NA,0.6667,0.4019,0.2727,0.3786,0.3735,NA,0.3282,NA,NA,NA,NA,NA,NA,NA,NA,NA,NA,NA,NA,NA,NA,NA,NA,NA,NA,NA,NA,NA,NA,NA,NA,0.3231,NA,0.3088,NA,0.4419,NA,"latest"
"293",0.6278,0.6057,0.6057,0.7152,0.6846,1,NA,0.84,NA,0.5,NA,0.8478,NA,0.5,0.6429,0,0.5,0.7119,NA,0.6846,0.695,NA,NA,NA,NA,NA,NA,NA,NA,NA,NA,NA,NA,NA,NA,NA,NA,NA,NA,NA,NA,NA,NA,NA,0.7447,NA,0.6885,NA,0.7078,NA,"latest"
"294",NA,NA,NA,NA,NA,NA,NA,NA,NA,NA,NA,NA,NA,NA,NA,NA,NA,NA,NA,NA,NA,0.6988,0.743,0.743,0.6988,0.743,1,NA,0.6667,NA,NA,0.5667,0.6752,NA,1,NA,NA,NA,NA,0.735,0.743,0.8013,0.6645,0.6645,NA,NA,NA,0.7612,NA,0.6827,"latest"
"295",NA,NA,NA,NA,NA,NA,NA,NA,NA,NA,NA,NA,NA,NA,NA,NA,NA,NA,NA,NA,NA,0.5462,0.3292,0.3292,0.5462,0.3745,NA,NA,NA,NA,NA,0.5616,0.525,NA,NA,NA,NA,NA,NA,0.5,0.3745,0.2581,0.3236,0.3236,NA,NA,NA,0.6237,NA,0.2692,"latest"
"296",NA,NA,NA,NA,NA,NA,NA,NA,NA,NA,NA,NA,NA,NA,NA,NA,NA,NA,NA,NA,NA,0.2632,0.1464,0.1464,0.6316,0.5366,NA,NA,NA,NA,NA,NA,NA,NA,NA,NA,NA,NA,NA,NA,0.5366,0.4545,0.4048,0.4048,NA,1,NA,0.4615,NA,1,"latest"
"297",NA,NA,NA,NA,NA,NA,NA,NA,NA,NA,NA,NA,NA,NA,NA,NA,NA,NA,NA,NA,NA,0.5488,0.5417,0.5417,0.5488,0.5417,0.5,NA,0.5,NA,NA,0.5,0.6857,NA,0.6667,NA,0.4231,NA,NA,0.5596,0.5417,0.5332,0.5864,0.5864,NA,NA,NA,0.5068,NA,0.5708,"latest"
"298",NA,NA,NA,0.4386,0.4257,0.3571,NA,0.6626,NA,0.303,NA,0.4138,NA,0.44,0.4945,0.4173,0.6234,0.491,NA,0.4257,NA,NA,NA,NA,NA,NA,NA,NA,NA,NA,NA,NA,NA,NA,NA,NA,NA,NA,NA,NA,NA,NA,NA,NA,0.3862,NA,0.4014,NA,0.5323,NA,"latest"
"299",NA,NA,NA,0.4621,0.4033,0.3333,NA,0.625,NA,0.2885,NA,0.4824,NA,1,0,0.35,0.4063,0.4813,NA,0.4033,NA,NA,NA,NA,NA,NA,NA,NA,NA,NA,NA,NA,NA,NA,NA,NA,NA,NA,NA,NA,NA,NA,NA,NA,0.4615,NA,0.4103,NA,0.5196,NA,"latest"
"300",NA,NA,NA,NA,NA,NA,NA,NA,NA,NA,NA,NA,NA,NA,NA,NA,NA,NA,NA,NA,NA,0.6166,0.7123,0.7123,0.7955,0.8103,0.5,NA,0.75,NA,NA,0.5319,1,NA,NA,NA,0.625,NA,NA,0.8508,0.8103,0.8661,0.8317,0.8317,NA,NA,NA,1,NA,0.1688,"latest"
"301",0.2598,0.249,0.249,0.4217,0.4118,0,NA,0.4286,NA,0.3125,NA,0.2375,NA,0,0.6,1,0.4,0.481,NA,0.4118,0.4177,NA,NA,NA,NA,NA,NA,NA,NA,NA,NA,NA,NA,NA,NA,NA,NA,NA,NA,NA,NA,NA,NA,NA,0.4173,NA,0.3552,NA,0.5227,NA,"latest"
"302",NA,NA,NA,NA,NA,NA,NA,NA,NA,NA,NA,NA,NA,NA,NA,NA,NA,NA,NA,NA,NA,0.7373,0.817,0.817,0.7373,0.817,0,NA,0,NA,NA,0.087,0.6316,NA,NA,NA,NA,NA,NA,0.8757,0.817,0.8831,0.8834,0.8834,NA,NA,NA,0.6541,NA,0.8279,"latest"
"303",NA,0.6129,0.6129,0.3333,0.2857,NA,NA,NA,NA,0.3333,NA,NA,NA,NA,NA,NA,NA,NA,NA,0.2857,0.4595,NA,NA,NA,NA,NA,NA,NA,NA,NA,NA,NA,NA,NA,NA,NA,NA,NA,NA,NA,NA,NA,NA,NA,NA,NA,0.5,NA,0,NA,"latest"
"304",NA,NA,NA,NA,NA,NA,NA,NA,NA,NA,NA,NA,NA,NA,NA,NA,NA,NA,NA,NA,NA,0.8026,0.8044,0.8044,0.8026,0.8044,NA,NA,NA,NA,NA,NA,NA,NA,NA,NA,NA,NA,NA,NA,0.8044,0.8077,0.8049,0.8049,NA,NA,NA,0.8026,NA,NA,"latest"
"305",0,0,NA,0.4425,0.5579,NA,NA,0,NA,0.3333,NA,0.4388,NA,NA,0.6667,NA,0,0.8,NA,0.5579,NA,NA,NA,NA,NA,NA,NA,NA,NA,NA,NA,NA,NA,NA,NA,NA,NA,NA,NA,NA,NA,NA,NA,NA,0.625,NA,0.4356,NA,0.25,NA,"latest"
"306",NA,NA,NA,NA,NA,NA,NA,NA,NA,NA,NA,NA,NA,NA,NA,NA,NA,NA,NA,NA,NA,0.4834,0.5225,0.5225,0.4834,0.5225,NA,NA,NA,NA,NA,NA,NA,NA,NA,NA,NA,NA,NA,NA,0.5225,0.5751,0.5619,0.5619,NA,NA,NA,0.303,NA,0.6429,"latest"
"307",NA,NA,NA,NA,NA,NA,NA,NA,NA,NA,NA,NA,NA,NA,NA,NA,NA,NA,NA,NA,NA,0.6414,0.7588,0.7588,0.7801,0.8368,NA,NA,NA,NA,NA,NA,NA,NA,NA,NA,NA,NA,NA,NA,0.8368,0.9094,0.9073,0.9073,NA,0.6,NA,0.9074,NA,0.4673,"latest"
"308",NA,NA,NA,NA,NA,NA,NA,NA,NA,NA,NA,NA,NA,NA,NA,NA,NA,NA,NA,NA,NA,0.4514,0.4626,0.4626,0.5764,0.6178,NA,NA,1,NA,NA,0.5806,0.5333,NA,0,NA,0.5833,NA,NA,0.5833,0.6178,0.6452,0.6618,0.6618,NA,0.5,NA,0.5906,NA,0.4444,"latest"
"309",NA,NA,NA,NA,NA,NA,NA,NA,NA,NA,NA,NA,NA,NA,NA,NA,NA,NA,NA,NA,NA,0.867,0.8593,0.8593,0.867,0.8593,NA,NA,1,NA,NA,1,0.8651,NA,NA,NA,NA,NA,NA,1,0.8593,0.8523,0.8279,0.8279,NA,0.381,NA,0.9271,NA,0.6,"latest"
"310",NA,NA,NA,NA,NA,NA,NA,NA,NA,NA,NA,NA,NA,NA,NA,NA,NA,NA,NA,NA,NA,0.6684,0.6636,0.6636,0.6684,0.6636,0.7,NA,0.8333,NA,NA,0.5743,0.6949,NA,NA,NA,0.6667,1,NA,0.7478,0.6636,0.6349,0.7431,0.7431,NA,0.7808,NA,0.5579,NA,0.9831,"latest"
"311",NA,NA,NA,NA,NA,NA,NA,NA,NA,NA,NA,NA,NA,NA,NA,NA,NA,NA,NA,NA,NA,0.1293,0.184,0.184,0.1293,0.2884,NA,NA,NA,NA,NA,0,0.1327,NA,NA,NA,NA,NA,NA,0,0.2884,0.6809,0.8378,0.8378,NA,0.2,NA,0.1474,NA,0,"latest"
"312",NA,NA,NA,NA,NA,NA,NA,NA,NA,NA,NA,NA,NA,NA,NA,NA,NA,NA,NA,NA,NA,0.3478,0.7576,0.7576,0.8913,0.8839,NA,NA,NA,NA,NA,NA,NA,NA,NA,NA,NA,NA,NA,NA,0.8839,0.8816,0.8767,0.8767,NA,1,NA,0.75,NA,0.963,"latest"
"313",NA,NA,NA,NA,NA,NA,NA,NA,NA,NA,NA,NA,NA,NA,NA,NA,NA,NA,NA,NA,NA,0.95,0.9608,0.9608,0.95,0.9608,NA,NA,NA,NA,NA,NA,NA,NA,NA,NA,NA,NA,NA,NA,0.9608,0.9677,0.9275,0.9275,NA,1,NA,0.8333,NA,1,"latest"
"314",NA,NA,NA,NA,NA,NA,NA,NA,NA,NA,NA,NA,NA,NA,NA,NA,NA,NA,NA,NA,NA,0.55,0.4945,0.4945,0.8125,0.7253,NA,NA,1,NA,NA,0.8103,1,NA,0,NA,NA,NA,NA,0.7692,0.7253,0.0909,0.4324,0.4324,NA,NA,NA,1,NA,0.8101,"latest"
"315",0.7949,0.7949,0.7949,0.8462,0.8462,NA,NA,1,NA,0.75,NA,0.8519,NA,0.8333,0.7778,1,0.75,0.875,NA,0.8462,NA,NA,NA,NA,NA,NA,NA,NA,NA,NA,NA,NA,NA,NA,NA,NA,NA,NA,NA,NA,NA,NA,NA,NA,NA,NA,NA,NA,0.8462,NA,"latest"
"316",NA,NA,NA,NA,NA,NA,NA,NA,NA,NA,NA,NA,NA,NA,NA,NA,NA,NA,NA,NA,NA,NA,NA,NA,NA,NA,NA,NA,NA,NA,NA,NA,NA,NA,NA,NA,NA,NA,NA,NA,NA,NA,NA,NA,NA,NA,NA,NA,NA,NA,"latest"
"317",NA,NA,NA,NA,NA,NA,NA,NA,NA,NA,NA,NA,NA,NA,NA,NA,NA,NA,NA,NA,NA,0.4306,0.5056,0.5056,0.8056,0.809,NA,NA,NA,NA,NA,NA,NA,NA,NA,NA,NA,NA,NA,NA,0.809,0.8235,0.84,0.84,NA,NA,NA,0.8169,NA,0,"latest"
"318",NA,NA,NA,NA,NA,NA,NA,NA,NA,NA,NA,NA,NA,NA,NA,NA,NA,NA,NA,NA,NA,NA,NA,NA,NA,NA,NA,NA,NA,NA,NA,NA,NA,NA,NA,NA,NA,NA,NA,NA,NA,NA,NA,NA,NA,NA,NA,NA,NA,NA,"latest"
"319",NA,NA,NA,NA,NA,NA,NA,NA,NA,NA,NA,NA,NA,NA,NA,NA,NA,NA,NA,NA,NA,NA,NA,NA,NA,NA,NA,NA,NA,NA,NA,NA,NA,NA,NA,NA,NA,NA,NA,NA,NA,NA,NA,NA,NA,NA,NA,NA,NA,NA,"latest"
"320",NA,NA,NA,NA,NA,NA,NA,NA,NA,NA,NA,NA,NA,NA,NA,NA,NA,NA,NA,NA,NA,0.243,0.226,0.226,0.4173,0.4629,NA,NA,0.5,NA,NA,0.4127,0.4878,NA,0.5,NA,0.25,0.4706,NA,0.3158,0.4629,0.5765,0.5466,0.5466,NA,0.9,NA,0.4238,NA,0,"latest"
"321",NA,NA,NA,NA,NA,NA,NA,NA,NA,NA,NA,NA,NA,NA,NA,NA,NA,NA,NA,NA,NA,0.3405,0.2816,0.2816,0.5484,0.5632,1,NA,0,NA,NA,0.5283,0.6032,NA,0.5,NA,0.5,0.5556,NA,0.5238,0.5632,0.6139,0.564,0.564,NA,0.75,NA,0.5455,NA,NA,"latest"
"322",NA,NA,NA,NA,NA,NA,NA,NA,NA,NA,NA,NA,NA,NA,NA,NA,NA,NA,NA,NA,NA,0.1952,0.1886,0.1886,0.4401,0.4633,0.5,NA,1,NA,NA,0.4095,0.4907,NA,NA,NA,0.4375,0.3846,NA,0.3684,0.4633,0.5142,0.5477,0.5477,NA,1,NA,0.4382,NA,0.2353,"latest"
"323",NA,NA,NA,NA,NA,NA,NA,NA,NA,NA,NA,NA,NA,NA,NA,NA,NA,NA,NA,NA,NA,NA,NA,NA,NA,NA,NA,NA,NA,NA,NA,NA,NA,NA,NA,NA,NA,NA,NA,NA,NA,NA,NA,NA,NA,NA,NA,NA,NA,NA,"latest"
"324",NA,NA,NA,NA,NA,NA,NA,NA,NA,NA,NA,NA,NA,NA,NA,NA,NA,NA,NA,NA,NA,NA,NA,NA,NA,NA,NA,NA,NA,NA,NA,NA,NA,NA,NA,NA,NA,NA,NA,NA,NA,NA,NA,NA,NA,NA,NA,NA,NA,NA,"latest"
"325",NA,NA,NA,NA,NA,NA,NA,NA,NA,NA,NA,NA,NA,NA,NA,NA,NA,NA,NA,NA,NA,0.8333,0.8333,0.8333,0.9048,0.9048,NA,NA,NA,NA,NA,NA,NA,NA,NA,NA,NA,NA,NA,NA,0.9048,NA,NA,NA,NA,NA,NA,NA,NA,0.9048,"latest"
"326",NA,NA,NA,NA,NA,NA,NA,NA,NA,NA,NA,NA,NA,NA,NA,NA,NA,NA,NA,NA,NA,0.8,0.8,NA,0.8,NA,NA,NA,NA,NA,NA,NA,NA,NA,NA,NA,NA,NA,NA,NA,0.8,NA,NA,NA,NA,NA,NA,NA,NA,0.8,"latest"
"327",NA,NA,NA,NA,NA,NA,NA,NA,NA,NA,NA,NA,NA,NA,NA,NA,NA,NA,NA,NA,NA,NA,0,NA,NA,NA,NA,NA,NA,NA,NA,NA,NA,NA,NA,NA,NA,NA,NA,NA,0.84,0.84,0.84,NA,NA,NA,NA,NA,NA,NA,"latest"
"328",NA,NA,NA,NA,NA,NA,NA,NA,NA,NA,NA,NA,NA,NA,NA,NA,NA,NA,NA,NA,NA,0.1639,0.1793,0.1793,0.5902,0.5931,NA,NA,NA,NA,NA,0.5455,0.6977,NA,NA,NA,0,0,NA,0,0.5931,0.5952,0.5952,0.5952,NA,0.4,NA,0.6154,NA,0.5,"latest"
"329",NA,NA,NA,NA,NA,NA,NA,NA,NA,NA,NA,NA,NA,NA,NA,NA,NA,NA,NA,NA,NA,NA,NA,NA,NA,NA,NA,NA,NA,NA,NA,NA,NA,NA,NA,NA,NA,NA,NA,NA,NA,NA,NA,NA,NA,NA,NA,NA,NA,NA,"latest"
"330",NA,NA,NA,NA,NA,NA,NA,NA,NA,NA,NA,NA,NA,NA,NA,NA,NA,NA,NA,NA,NA,NA,NA,NA,NA,NA,NA,NA,NA,NA,NA,NA,NA,NA,NA,NA,NA,NA,NA,NA,NA,NA,NA,NA,NA,NA,NA,NA,NA,NA,"latest"
"331",NA,NA,NA,NA,NA,NA,NA,NA,NA,NA,NA,NA,NA,NA,NA,NA,NA,NA,NA,NA,NA,NA,NA,NA,NA,NA,NA,NA,NA,NA,NA,NA,NA,NA,NA,NA,NA,NA,NA,NA,NA,NA,NA,NA,NA,NA,NA,NA,NA,NA,"latest"
"332",NA,NA,NA,NA,NA,NA,NA,NA,NA,NA,NA,NA,NA,NA,NA,NA,NA,NA,NA,NA,NA,NA,NA,NA,NA,NA,NA,NA,NA,NA,NA,NA,NA,NA,NA,NA,NA,NA,NA,NA,NA,NA,NA,NA,NA,NA,NA,NA,NA,NA,"latest"
"333",NA,NA,NA,NA,NA,NA,NA,NA,NA,NA,NA,NA,NA,NA,NA,NA,NA,NA,NA,NA,NA,0.2941,0.2941,0.2941,0.8088,0.8088,NA,NA,NA,NA,NA,NA,NA,NA,NA,NA,NA,NA,NA,NA,0.8088,NA,0.7719,0.7719,NA,NA,NA,1,NA,0.3158,"latest"
"334",NA,NA,NA,NA,NA,NA,NA,NA,NA,NA,NA,NA,NA,NA,NA,NA,NA,NA,NA,NA,NA,0.625,0.6667,0.6667,0.8333,0.8056,NA,NA,NA,NA,NA,NA,NA,NA,NA,NA,NA,NA,NA,NA,0.8056,0.75,0.75,NA,NA,0.8,NA,1,NA,NA,"latest"
"335",NA,NA,NA,NA,NA,NA,NA,NA,NA,NA,NA,NA,NA,NA,NA,NA,NA,NA,NA,NA,NA,NA,NA,NA,NA,NA,NA,NA,NA,NA,NA,NA,NA,NA,NA,NA,NA,NA,NA,NA,NA,NA,0.9722,0.9722,NA,NA,NA,NA,NA,NA,"latest"
"336",NA,NA,NA,NA,NA,NA,NA,NA,NA,NA,NA,NA,NA,NA,NA,NA,NA,NA,NA,NA,NA,0,0.0714,0.0714,0.6429,0.6607,NA,NA,NA,NA,NA,NA,NA,NA,NA,NA,NA,NA,NA,NA,0.6607,0.7143,0.7586,NA,NA,0.8,NA,0.697,NA,0,"latest"
"337",NA,NA,NA,NA,NA,NA,NA,NA,NA,NA,NA,NA,NA,NA,NA,NA,NA,NA,NA,NA,NA,0.3729,0.2953,0.2953,0.9492,0.9524,NA,NA,NA,NA,NA,NA,NA,NA,NA,NA,NA,NA,NA,NA,0.9524,0.9565,0.9744,0.9744,NA,NA,NA,0.9636,NA,0.75,"latest"
"338",0.0067,0.0119,0.0119,0.1611,0.1533,NA,NA,0,NA,0.2273,NA,0.2857,NA,NA,0.3333,0,0.0741,0.0732,NA,0.1533,0.1844,NA,NA,NA,NA,NA,NA,NA,NA,NA,NA,NA,NA,NA,NA,NA,NA,NA,NA,NA,NA,NA,NA,NA,0.3636,NA,0.1509,NA,0.125,NA,"latest"
"339",NA,NA,NA,NA,NA,NA,NA,NA,NA,NA,NA,NA,NA,NA,NA,NA,NA,NA,NA,NA,NA,0.4886,0.4854,0.4854,0.6136,0.6901,NA,NA,NA,NA,NA,NA,NA,NA,NA,NA,NA,NA,NA,NA,0.6901,0.7711,0.7515,0.7515,NA,1,NA,0.6265,NA,0,"latest"
"340",NA,NA,NA,NA,NA,NA,NA,NA,NA,NA,NA,NA,NA,NA,NA,NA,NA,NA,NA,NA,NA,0.775,0.7865,0.7865,0.775,0.7865,NA,NA,NA,NA,NA,NA,NA,NA,NA,NA,NA,NA,NA,NA,0.7865,0.7959,0.7959,0.7959,NA,NA,NA,0.7059,NA,0.8261,"latest"
"341",NA,NA,NA,NA,NA,NA,NA,NA,NA,NA,NA,NA,NA,NA,NA,NA,NA,NA,NA,NA,NA,NA,NA,NA,NA,NA,NA,NA,NA,NA,NA,NA,NA,NA,NA,NA,NA,NA,NA,NA,NA,NA,NA,NA,NA,NA,NA,NA,NA,NA,"latest"
"342",NA,NA,NA,NA,NA,NA,NA,NA,NA,NA,NA,NA,NA,NA,NA,NA,NA,NA,NA,NA,NA,0.5981,0.4154,0.4154,0.7991,0.8042,NA,NA,NA,NA,NA,NA,NA,NA,NA,NA,NA,NA,NA,NA,0.8042,0.813,0.8354,0.8354,NA,NA,NA,0.7991,NA,NA,"latest"
"343",NA,NA,NA,NA,NA,NA,NA,NA,NA,NA,NA,NA,NA,NA,NA,NA,NA,NA,NA,NA,NA,1,0.4348,NA,1,NA,NA,NA,NA,NA,NA,NA,NA,NA,NA,NA,NA,NA,NA,NA,0.913,0.8333,0.8214,NA,NA,NA,NA,1,NA,NA,"latest"
"344",NA,NA,NA,NA,NA,NA,NA,NA,NA,NA,NA,NA,NA,NA,NA,NA,NA,NA,NA,NA,NA,0.65,0.6838,0.6838,0.65,0.6923,NA,NA,NA,NA,NA,NA,NA,NA,NA,NA,NA,NA,NA,NA,0.6923,0.7368,0.72,0.72,NA,0.8,NA,0.65,NA,0.6,"latest"
"345",NA,NA,NA,NA,NA,NA,NA,NA,NA,NA,NA,NA,NA,NA,NA,NA,NA,NA,NA,NA,NA,0.75,0.7143,0.7143,0.75,0.7143,NA,NA,NA,NA,NA,NA,NA,NA,NA,NA,NA,NA,NA,NA,0.7143,0.6957,0.7164,0.7164,NA,NA,NA,0.75,NA,NA,"latest"
"346",0,0,NA,0.5,NA,NA,NA,NA,NA,0.5,NA,NA,NA,NA,NA,NA,NA,NA,NA,0.3846,NA,NA,NA,NA,NA,NA,NA,NA,NA,NA,NA,NA,NA,NA,NA,NA,NA,NA,NA,NA,NA,NA,NA,NA,NA,NA,NA,NA,0.5,NA,"latest"
"347",NA,NA,NA,NA,NA,NA,NA,NA,NA,NA,NA,NA,NA,NA,NA,NA,NA,NA,NA,NA,NA,0,0.0282,0.0282,1,0.6384,NA,NA,NA,NA,NA,NA,NA,NA,NA,NA,NA,NA,NA,NA,0.6384,0.8182,0.619,0.619,NA,1,NA,1,NA,NA,"latest"
"348",NA,NA,NA,NA,NA,NA,NA,NA,NA,NA,NA,NA,NA,NA,NA,NA,NA,NA,NA,NA,NA,NA,NA,NA,NA,NA,NA,NA,NA,NA,NA,NA,NA,NA,NA,NA,NA,NA,NA,NA,NA,NA,NA,NA,NA,NA,NA,NA,NA,NA,"latest"
"349",0,0.1304,NA,0.2857,0.2703,NA,NA,NA,NA,0,NA,0.5,NA,NA,0,NA,1,NA,NA,0.2703,NA,NA,NA,NA,NA,NA,NA,NA,NA,NA,NA,NA,NA,NA,NA,NA,NA,NA,NA,NA,NA,NA,NA,NA,NA,NA,0.3333,NA,0.25,NA,"latest"
"350",NA,NA,NA,NA,NA,NA,NA,NA,NA,NA,NA,NA,NA,NA,NA,NA,NA,NA,NA,NA,NA,0,0,0,0.8636,0.717,NA,NA,NA,NA,NA,NA,NA,NA,NA,NA,NA,NA,NA,NA,0.717,0.6129,0.7115,0.7115,NA,1,NA,0.8571,NA,NA,"latest"
"351",NA,NA,NA,NA,NA,NA,NA,NA,NA,NA,NA,NA,NA,NA,NA,NA,NA,NA,NA,NA,NA,0.7742,0.7121,0.7121,0.7742,0.7121,NA,NA,NA,NA,NA,NA,NA,NA,NA,NA,NA,NA,NA,NA,0.7121,0.6857,0.6021,0.6021,NA,NA,NA,1,NA,0.6667,"latest"
"352",1,0.5,NA,0.5786,0.5868,0,NA,1,NA,0.5263,NA,0.566,NA,NA,NA,0.6,0.3939,0.8519,NA,0.5868,NA,NA,NA,NA,NA,NA,NA,NA,NA,NA,NA,NA,NA,NA,NA,NA,NA,NA,NA,NA,NA,NA,NA,NA,0.5556,NA,0.4337,NA,0.8974,NA,"latest"
"353",NA,NA,NA,NA,NA,NA,NA,NA,NA,NA,NA,NA,NA,NA,NA,NA,NA,NA,NA,NA,NA,NA,NA,NA,NA,NA,NA,NA,NA,NA,NA,NA,NA,NA,NA,NA,NA,NA,NA,NA,NA,NA,NA,NA,NA,NA,NA,NA,NA,NA,"latest"
"354",NA,NA,NA,NA,NA,NA,NA,NA,NA,NA,NA,NA,NA,NA,NA,NA,NA,NA,NA,NA,NA,NA,NA,NA,NA,NA,NA,NA,NA,NA,NA,NA,NA,NA,NA,NA,NA,NA,NA,NA,NA,NA,NA,NA,NA,NA,NA,NA,NA,NA,"latest"
"355",NA,NA,NA,NA,NA,NA,NA,NA,NA,NA,NA,NA,NA,NA,NA,NA,NA,NA,NA,NA,NA,NA,NA,NA,NA,NA,NA,NA,NA,NA,NA,NA,NA,NA,NA,NA,NA,NA,NA,NA,NA,NA,NA,NA,NA,NA,NA,NA,NA,NA,"latest"
"356",0.4646,0.4619,0.4619,0.5551,0.5509,1,NA,0.6,NA,0.1818,NA,0.575,NA,NA,0.3333,NA,0.4762,0.604,NA,0.5509,0.5765,NA,NA,NA,NA,NA,NA,NA,NA,NA,NA,NA,NA,NA,NA,NA,NA,NA,NA,NA,NA,NA,NA,NA,0.6102,NA,0.4615,NA,0.5897,NA,"latest"
"357",NA,NA,NA,NA,NA,NA,NA,NA,NA,NA,NA,NA,NA,NA,NA,NA,NA,NA,NA,NA,NA,0.1199,0.1503,0.1503,0.3695,0.3796,0.4444,NA,0.6667,NA,NA,0.3244,0.4227,NA,1,NA,0.5,0.5,NA,0.36,0.3796,0.407,0.4594,0.4594,NA,0.55,NA,0.383,NA,0.1727,"latest"
"358",NA,NA,NA,NA,NA,NA,NA,NA,NA,NA,NA,NA,NA,NA,NA,NA,NA,NA,NA,NA,NA,0.6941,0.4041,0.4041,0.7529,0.6918,NA,NA,NA,NA,NA,NA,NA,NA,NA,NA,NA,NA,NA,NA,0.6918,0.623,0.6744,0.6744,NA,0.8667,NA,0.7857,NA,0.5,"latest"
"359",NA,NA,NA,NA,NA,NA,NA,NA,NA,NA,NA,NA,NA,NA,NA,NA,NA,NA,NA,NA,NA,NA,NA,NA,NA,NA,NA,NA,NA,NA,NA,NA,NA,NA,NA,NA,NA,NA,NA,NA,NA,NA,NA,NA,NA,NA,NA,NA,NA,NA,"latest"
"360",NA,NA,NA,NA,NA,NA,NA,NA,NA,NA,NA,NA,NA,NA,NA,NA,NA,NA,NA,NA,NA,NA,NA,NA,NA,NA,NA,NA,NA,NA,NA,NA,NA,NA,NA,NA,NA,NA,NA,NA,NA,NA,NA,NA,NA,NA,NA,NA,NA,NA,"latest"
"361",NA,NA,NA,NA,NA,NA,NA,NA,NA,NA,NA,NA,NA,NA,NA,NA,NA,NA,NA,NA,NA,NA,NA,NA,NA,NA,NA,NA,NA,NA,NA,NA,NA,NA,NA,NA,NA,NA,NA,NA,NA,NA,NA,NA,NA,NA,NA,NA,NA,NA,"latest"
"362",NA,NA,NA,NA,NA,NA,NA,NA,NA,NA,NA,NA,NA,NA,NA,NA,NA,NA,NA,NA,NA,NA,NA,NA,NA,NA,NA,NA,NA,NA,NA,NA,NA,NA,NA,NA,NA,NA,NA,NA,NA,NA,NA,NA,NA,NA,NA,NA,NA,NA,"latest"
"363",NA,NA,NA,NA,NA,NA,NA,NA,NA,NA,NA,NA,NA,NA,NA,NA,NA,NA,NA,NA,NA,NA,NA,NA,NA,NA,NA,NA,NA,NA,NA,NA,NA,NA,NA,NA,NA,NA,NA,NA,NA,NA,NA,NA,NA,NA,NA,NA,NA,NA,"latest"
"364",NA,NA,NA,NA,NA,NA,NA,NA,NA,NA,NA,NA,NA,NA,NA,NA,NA,NA,NA,NA,NA,0.1529,0.2471,0.2471,0.7412,0.8391,NA,NA,NA,NA,NA,NA,NA,NA,NA,NA,NA,NA,NA,NA,0.8391,0.9438,0.8296,0.8296,NA,0.8889,NA,0.1429,NA,0.8548,"latest"
"365",NA,NA,NA,NA,NA,NA,NA,NA,NA,NA,NA,NA,NA,NA,NA,NA,NA,NA,NA,NA,NA,0.675,0.6591,0.6591,0.775,0.7273,NA,NA,NA,NA,NA,NA,NA,NA,NA,NA,NA,NA,NA,NA,0.7273,0.6875,0.8243,0.8243,NA,NA,NA,0.7692,NA,0.7857,"latest"
"366",0.1667,0.1143,0.1143,0.2353,0.2222,NA,NA,NA,NA,0,NA,0.25,NA,NA,NA,NA,NA,0.6667,NA,0.2222,0.1277,NA,NA,NA,NA,NA,NA,NA,NA,NA,NA,NA,NA,NA,NA,NA,NA,NA,NA,NA,NA,NA,NA,NA,1,NA,0.1,NA,0.3333,NA,"latest"
"367",NA,NA,NA,NA,NA,NA,NA,NA,NA,NA,NA,NA,NA,NA,NA,NA,NA,NA,NA,NA,NA,0.2834,0.2522,0.2522,0.7389,0.7917,NA,NA,NA,NA,NA,NA,NA,NA,NA,NA,NA,NA,NA,NA,0.7917,0.9155,0.8196,0.8196,NA,1,NA,0.8059,NA,0.6573,"latest"
"368",NA,NA,NA,NA,NA,NA,NA,NA,NA,NA,NA,NA,NA,NA,NA,NA,NA,NA,NA,NA,NA,0.5333,0.3775,0.3775,0.6963,0.7068,NA,NA,NA,NA,NA,NA,NA,NA,NA,NA,NA,NA,NA,NA,0.7068,0.7193,0.7027,0.7027,NA,0.88,NA,0.6383,NA,0.75,"latest"
"369",NA,NA,NA,NA,NA,NA,NA,NA,NA,NA,NA,NA,NA,NA,NA,NA,NA,NA,NA,NA,NA,0.4815,0.6342,0.6342,0.8889,0.9024,NA,NA,NA,NA,NA,NA,NA,NA,NA,NA,NA,NA,NA,NA,0.9024,0.9286,0.7242,0.7242,NA,NA,NA,0.8889,NA,NA,"latest"
"370",NA,NA,NA,NA,NA,NA,NA,NA,NA,NA,NA,NA,NA,NA,NA,NA,NA,NA,NA,NA,NA,0.1573,0.1505,0.1505,0.6517,0.6505,NA,NA,NA,NA,NA,NA,NA,NA,NA,NA,NA,NA,NA,NA,0.6505,0.6907,0.6275,0.6275,NA,0.3333,NA,0.6522,NA,0.7059,"latest"
"371",NA,NA,NA,NA,NA,NA,NA,NA,NA,NA,NA,NA,NA,NA,NA,NA,NA,NA,NA,NA,NA,0.625,0.5,0.5,0.875,0.7369,NA,NA,NA,NA,NA,NA,NA,NA,NA,NA,NA,NA,NA,NA,0.7369,0.7143,0.76,0.76,NA,NA,NA,0.875,NA,NA,"latest"
"372",NA,NA,NA,NA,NA,NA,NA,NA,NA,NA,NA,NA,NA,NA,NA,NA,NA,NA,NA,NA,NA,NA,NA,NA,NA,NA,NA,NA,NA,NA,NA,NA,NA,NA,NA,NA,NA,NA,NA,NA,NA,NA,NA,NA,NA,NA,NA,NA,NA,NA,"latest"
"373",NA,NA,NA,NA,NA,NA,NA,NA,NA,NA,NA,NA,NA,NA,NA,NA,NA,NA,NA,NA,NA,0.8244,0.5845,0.5845,0.8244,0.5845,NA,NA,NA,NA,NA,NA,NA,NA,NA,NA,NA,NA,NA,NA,0.5845,0.4161,0.5896,0.5896,NA,NA,NA,0.8699,NA,0.4545,"latest"
"374",NA,NA,NA,NA,NA,NA,NA,NA,NA,NA,NA,NA,NA,NA,NA,NA,NA,NA,NA,NA,NA,NA,NA,NA,NA,NA,NA,NA,NA,NA,NA,NA,NA,NA,NA,NA,NA,NA,NA,NA,NA,NA,NA,NA,NA,NA,NA,NA,NA,NA,"latest"
"375",NA,NA,NA,NA,NA,NA,NA,NA,NA,NA,NA,NA,NA,NA,NA,NA,NA,NA,NA,NA,NA,NA,NA,NA,NA,NA,NA,NA,NA,NA,NA,NA,NA,NA,NA,NA,NA,NA,NA,NA,NA,NA,NA,NA,NA,NA,NA,NA,NA,NA,"latest"
"376",NA,NA,NA,NA,NA,NA,NA,NA,NA,NA,NA,NA,NA,NA,NA,NA,NA,NA,NA,NA,NA,NA,NA,NA,NA,NA,NA,NA,NA,NA,NA,NA,NA,NA,NA,NA,NA,NA,NA,NA,NA,NA,NA,NA,NA,NA,NA,NA,NA,NA,"latest"
"377",NA,NA,NA,NA,NA,NA,NA,NA,NA,NA,NA,NA,NA,NA,NA,NA,NA,NA,NA,NA,NA,NA,NA,NA,NA,NA,NA,NA,NA,NA,NA,NA,NA,NA,NA,NA,NA,NA,NA,NA,NA,NA,NA,NA,NA,NA,NA,NA,NA,NA,"latest"
"378",0,0.0244,0.0244,0,0.0732,NA,NA,NA,NA,NA,NA,NA,NA,NA,0,NA,NA,0,NA,0.0732,0.1177,NA,NA,NA,NA,NA,NA,NA,NA,NA,NA,NA,NA,NA,NA,NA,NA,NA,NA,NA,NA,NA,NA,NA,NA,NA,NA,NA,0,NA,"latest"
"379",NA,NA,NA,NA,NA,NA,NA,NA,NA,NA,NA,NA,NA,NA,NA,NA,NA,NA,NA,NA,NA,0.6408,0.7115,0.7115,0.7535,0.776,0,NA,0.5,NA,NA,0.45,0.6364,NA,NA,1,NA,0.8204,NA,0.619,0.776,0.7993,0.7912,0.7912,NA,0.691,NA,0.8627,NA,0.75,"latest"
"380",NA,NA,NA,NA,NA,NA,NA,NA,NA,NA,NA,NA,NA,NA,NA,NA,NA,NA,NA,NA,NA,0.2258,0.2702,0.2702,0.2396,0.3949,0,NA,0.0667,NA,NA,0.2778,0.3684,NA,NA,NA,0.7143,NA,NA,0.2219,0.3949,0.5509,0.3864,0.3864,NA,NA,NA,0.2414,NA,0.2281,"latest"
"381",NA,NA,NA,NA,NA,NA,NA,NA,NA,NA,NA,NA,NA,NA,NA,NA,NA,NA,NA,NA,NA,0.5929,0.5797,0.5797,0.6008,0.5869,1,NA,0.6,NA,NA,0.6118,0.5806,NA,0.5,0.6667,0.6154,NA,NA,0.5926,0.5869,0.582,0.7727,0.7727,NA,NA,NA,1,NA,0.4128,"latest"
"382",NA,NA,NA,NA,NA,NA,NA,NA,NA,NA,NA,NA,NA,NA,NA,NA,NA,NA,NA,NA,NA,0.7273,0.1957,0.1957,0.7273,0.587,NA,NA,NA,NA,NA,NA,NA,NA,NA,NA,NA,NA,NA,NA,0.587,0.5429,0.5733,0.5733,NA,NA,NA,0.625,NA,1,"latest"
"383",NA,NA,NA,NA,NA,NA,NA,NA,NA,NA,NA,NA,NA,NA,NA,NA,NA,NA,NA,NA,NA,0.5341,0.5675,0.5675,0.5341,0.5675,1,NA,0.8,NA,NA,0.4219,0.6866,NA,NA,0,1,NA,NA,0.5714,0.5675,0.6,0.4771,0.4771,NA,NA,NA,0.9433,NA,0,"latest"
"384",NA,NA,NA,NA,NA,NA,NA,NA,NA,NA,NA,NA,NA,NA,NA,NA,NA,NA,NA,NA,NA,0.25,0.2639,0.2639,0.5278,0.5833,NA,NA,NA,NA,NA,NA,NA,NA,NA,NA,NA,NA,NA,NA,0.5833,0.6389,0.6184,0.6184,NA,NA,NA,0.5313,NA,0.5,"latest"
"385",NA,NA,NA,NA,NA,NA,NA,NA,NA,NA,NA,NA,NA,NA,NA,NA,NA,NA,NA,NA,NA,0.5106,0.3976,0.3976,0.617,0.6386,NA,NA,NA,NA,NA,NA,NA,NA,NA,NA,NA,NA,NA,NA,0.6386,0.6667,0.7416,0.7416,NA,0.6,NA,0.641,NA,0.3333,"latest"
"386",0.2,0.25,NA,0.2,0.25,NA,NA,0,NA,0.25,NA,0.2,NA,NA,NA,NA,0,0.25,NA,0.25,NA,NA,NA,NA,NA,NA,NA,NA,NA,NA,NA,NA,NA,NA,NA,NA,NA,NA,NA,NA,NA,NA,NA,NA,0.5,NA,0.2,NA,0,NA,"latest"
"387",NA,NA,NA,NA,NA,NA,NA,NA,NA,NA,NA,NA,NA,NA,NA,NA,NA,NA,NA,NA,NA,0.8387,0.638,0.638,0.8452,0.7683,1,NA,1,NA,NA,0.7447,0.7179,NA,NA,NA,0.875,1,NA,1,0.7683,0.7162,0.7615,0.7615,NA,0.8529,NA,0.8621,NA,0.7941,"latest"
